edate,date,party,partyname,partyabbrev,parfam,coderid,manual,coderyear,testresult,testeditsim,pervote,voteest,presvote,absseat,totseats,progtype,datasetorigin,corpusversion,total,peruncod,per101,per102,per103,per104,per105,per106,per107,per108,per109,per110,per201,per202,per203,per204,per301,per302,per303,per304,per305,per401,per402,per403,per404,per405,per406,per407,per408,per409,per410,per411,per412,per413,per414,per415,per416,per501,per502,per503,per504,per505,per506,per507,per601,per602,per603,per604,per605,per606,per607,per608,per701,per702,per703,per704,per705,per706,per1011,per1012,per1013,per1014,per1015,per1016,per1021,per1022,per1023,per1024,per1025,per1026,per1031,per1032,per1033,per2021,per2022,per2023,per2031,per2032,per2033,per2041,per3011,per3051,per3052,per3053,per3054,per3055,per4011,per4012,per4013,per4014,per4121,per4122,per4123,per4124,per4131,per4132,per5021,per5031,per5041,per5061,per6011,per6012,per6013,per6014,per6061,per6071,per6072,per6081,per7051,per7052,per7061,per7062,per103_1,per103_2,per201_1,per201_2,per202_1,per202_2,per202_3,per202_4,per305_1,per305_2,per305_3,per305_4,per305_5,per305_6,per416_1,per416_2,per601_1,per601_2,per602_1,per602_2,per605_1,per605_2,per606_1,per606_2,per607_1,per607_2,per607_3,per608_1,per608_2,per608_3,per703_1,per703_2,rile,planeco,markeco,welfare,intpeace,datasetversion,id_perm
17-05-46,194605,22210,Communistische Partij van Nederland,CPN,20,326,4,2016,0.94,0.471,10.6,0,,10,100,1,110,2018-2,125,0,0.8,0,4,0.8,3.2,0.8,4,0,0,0,4.8,9.6,0,0.8,0,1.6,1.6,0.8,0,0,2.4,1.6,0.8,0,0,0,0.8,0,0.8,3.2,0.8,0.8,2.4,4,0,0.8,4,4,10.4,0,7.2,0,1.6,0,1.6,0,2.4,0,0,0,7.2,0,10.4,0,0,0,0,0,0,0,0,0,0,0,0,0,0,0,0,0,0,0,0,0,0,0,0,0,0,0,0,0,0,0,0,0,0,0,0,0,0,0,0,0,0,0,0,0,0,0,0,0,0,0,0,0,0,0,0,0,,,,,,,,,,,,,,,,,,,,,,,,,,,,,,,,,-34.4,3.2,2.4,14.4,4,2018b,DCQMXK
17-05-46,194605,22320,Partij van de Arbeid (P.v.d.A),PvdA,30,113,0,1982,,,28.314,0,,29,100,1,10,,81,11.1,1.2,0,2.5,0,0,0,3.7,0,0,0,1.2,6.2,0,0,3.7,0,3.7,2.5,0,0,1.2,1.2,2.5,2.5,0,0,1.2,0,0,2.5,1.2,6.2,2.5,0,0,2.5,6.2,3.7,6.2,0,3.7,0,1.2,0,2.5,0,2.5,2.5,3.7,0,0,0,4.9,1.2,0,2.5,0,0,0,0,0,0,0,0,0,0,0,0,0,0,0,0,0,0,0,0,0,0,0,0,0,0,0,0,0,0,0,0,0,0,0,0,0,0,0,0,0,0,0,0,0,0,0,0,0,0,0,0,0,0,,,,,,,,,,,,,,,,,,,,,,,,,,,,,,,,,-19.8,4.9,2.5,9.9,0,2018b,H2U7BY
17-05-46,194605,22420,Partij van de Vrijheid,PvdV,40,113,0,1982,,,6.413,0,,6,100,1,10,,72,6.9,1.4,0,0,1.4,0,0,2.8,0,0,0,4.2,2.8,4.2,0,2.8,0,1.4,2.8,0,8.3,0,2.8,0,1.4,0,2.8,1.4,0,1.4,0,1.4,0,4.2,0,0,0,5.6,9.7,5.6,0,2.8,0,0,0,5.6,0,5.6,1.4,4.2,0,0,0,1.4,2.8,0,1.4,0,0,0,0,0,0,0,0,0,0,0,0,0,0,0,0,0,0,0,0,0,0,0,0,0,0,0,0,0,0,0,0,0,0,0,0,0,0,0,0,0,0,0,0,0,0,0,0,0,0,0,0,0,0,,,,,,,,,,,,,,,,,,,,,,,,,,,,,,,,,19.5,4.2,12.5,15.3,0,2018b,AOP8QA
17-05-46,194605,22522,Katholieke Volkspartij (KVP),KVP,50,113,0,1982,,,30.806,0,,32,100,1,10,,151,8.6,2,0,0.7,1.3,0,0.7,2,0,0,0,2.7,3.3,0.7,0,6,0,1.3,0.7,0,2,1.3,0.7,0.7,7.3,0,0,2.7,1.3,2.7,2.7,2,0.7,2.7,0,0,0,1.3,7.9,7.3,0,0,0,2,0,6.6,0,2,0.7,6.6,0,0,0,7.3,0,0,2,0,0,0,0,0,0,0,0,0,0,0,0,0,0,0,0,0,0,0,0,0,0,0,0,0,0,0,0,0,0,0,0,0,0,0,0,0,0,0,0,0,0,0,0,0,0,0,0,0,0,0,0,0,0,,,,,,,,,,,,,,,,,,,,,,,,,,,,,,,,,3.9,3.4,4.7,15.2,0.7,2018b,VSFCG5
17-05-46,194605,22523,Anti-Revolutionaire Partij,ARP,50,113,0,1982,,,12.901,0,,13,100,1,10,,67,1.5,1.5,0,3,1.5,0,0,0,0,0,0,4.5,0,1.5,0,7.5,0,4.5,0,0,6,3,1.5,0,6,0,0,1.5,0,0,3,0,0,1.5,0,0,0,1.5,4.5,7.5,0,3,0,1.5,0,10.5,0,6,0,6,0,0,0,6,1.5,0,4.5,0,0,0,0,0,0,0,0,0,0,0,0,0,0,0,0,0,0,0,0,0,0,0,0,0,0,0,0,0,0,0,0,0,0,0,0,0,0,0,0,0,0,0,0,0,0,0,0,0,0,0,0,0,0,,,,,,,,,,,,,,,,,,,,,,,,,,,,,,,,,21,1.5,7.5,12,0,2018b,PJNKSC
17-05-46,194605,22525,Christelijk-Historische Unie,CHU,50,113,0,1982,,,7.84,0,,8,100,1,10,,64,17.5,0,0,4.8,1.6,0,0,0,0,0,0,9.5,3.2,1.6,0,0,1.6,0,0,0,1.6,3.2,0,0,1.6,0,0,4.8,0,1.6,1.6,1.6,0,0,0,0,0,0,3.2,6.4,0,1.6,0,0,0,11.1,0,9.5,1.6,4.8,0,0,0,1.6,1.6,0,3.2,0,0,0,0,0,0,0,0,0,0,0,0,0,0,0,0,0,0,0,0,0,0,0,0,0,0,0,0,0,0,0,0,0,0,0,0,0,0,0,0,0,0,0,0,0,0,0,0,0,0,0,0,0,0,,,,,,,,,,,,,,,,,,,,,,,,,,,,,,,,,22.1,1.6,1.6,9.6,0,2018b,WPEI98
17-05-46,194605,22952,Staatskundig Gereformeerde Partij (SGP),SGP,95,326,4,2016,0.94,0.471,2.138,0,,2,100,1,110,2018-2,50,0,4,0,0,0,2,0,0,0,0,0,0,4,2,0,0,0,4,0,0,0,0,0,0,0,0,0,0,0,0,0,0,0,0,0,0,0,0,4,6,2,0,0,0,0,62,0,2,4,0,0,4,0,0,0,0,0,0,0,0,0,0,0,0,0,0,0,0,0,0,0,0,0,0,0,0,0,0,0,0,0,0,0,0,0,0,0,0,0,0,0,0,0,0,0,0,0,0,0,0,0,0,0,0,0,0,0,0,0,0,0,,,,,,,,,,,,,,,,,,,,,,,,,,,,,,,,,56,0,0,10,2,2018b,5IZK7H
07-07-48,194807,22210,Communistische Partij van Nederland,CPN,20,331,4,2017,0.81,0.66,7.744,0,,8,100,1,120,2018-2,76,0,1.316,0,2.632,1.316,11.842,1.316,0,0,2.632,0,1.316,3.947,1.316,0,0,0,1.316,1.316,1.316,0,2.632,2.632,3.947,0,2.632,0,1.316,2.632,0,1.316,6.579,0,0,5.263,0,0,3.947,13.158,6.579,0,1.316,0,0,0,0,0,5.263,0,0,0,1.316,0,7.895,0,0,0,0,0,0,0,0,0,0,0,0,0,0,0,0,0,0,0,0,0,0,0,0,0,0,0,0,0,0,0,0,0,0,0,0,0,0,0,0,0,0,0,0,0,0,0,0,0,0,0,0,0,0,0,0,0,,,,,,,,,,,,,,,,,,,,,,,,,,,,,,,,,-31.579,13.158,0,19.737,13.158,2018b,IV29GM
07-07-48,194807,22320,Partij van de Arbeid (P.v.d.A),PvdA,30,113,0,1982,,,25.604,0,,27,100,1,10,,181,7.2,2.2,0,1.1,0.5,0.5,0.5,2.2,1.7,0,0,5,6.6,1.1,0,2.2,0.5,1.1,1.1,1.1,0,3.3,1.1,1.7,3.9,0,0,3.9,1.1,1.1,2.8,2.8,2.2,1.7,0,0,1.7,2.8,5.5,5.5,0,7.7,0,0,0,1.7,0,3.3,0.5,0,0,1.1,0,6.1,0.5,0,3.3,0,0,0,0,0,0,0,0,0,0,0,0,0,0,0,0,0,0,0,0,0,0,0,0,0,0,0,0,0,0,0,0,0,0,0,0,0,0,0,0,0,0,0,0,0,0,0,0,0,0,0,0,0,0,,,,,,,,,,,,,,,,,,,,,,,,,,,,,,,,,-14.8,5.6,1.7,11,1,2018b,YRXKTD
07-07-48,194807,22420,VVD,VVD,40,113,0,1982,,,7.945,0,,8,100,1,10,,25,0,4,0,0,0,0,0,4,0,0,0,4,0,0,0,4,0,0,4,0,12,4,0,0,8,0,0,0,0,0,0,0,0,4,0,0,0,4,16,4,0,4,0,0,0,4,0,4,0,8,0,0,0,4,0,0,4,0,0,0,0,0,0,0,0,0,0,0,0,0,0,0,0,0,0,0,0,0,0,0,0,0,0,0,0,0,0,0,0,0,0,0,0,0,0,0,0,0,0,0,0,0,0,0,0,0,0,0,0,0,0,,,,,,,,,,,,,,,,,,,,,,,,,,,,,,,,,20,0,16,20,0,2018b,BYVZ1M
07-07-48,194807,22522,Katholieke Volkspartij (KVP),KVP,50,113,0,1982,,,31.039,0,,32,100,1,10,,62,6.6,3.3,0,1.6,1.6,0,0,4.9,3.3,0,0,0,3.3,0,0,0,1.6,3.3,0,0,4.9,3.3,0,0,1.6,0,0,0,0,4.9,1.6,0,0,1.6,0,0,0,0,6.6,9.8,0,3.3,0,0,0,18,0,0,0,3.3,0,0,0,4.9,3.3,0,3.3,0,0,0,0,0,0,0,0,0,0,0,0,0,0,0,0,0,0,0,0,0,0,0,0,0,0,0,0,0,0,0,0,0,0,0,0,0,0,0,0,0,0,0,0,0,0,0,0,0,0,0,0,0,0,,,,,,,,,,,,,,,,,,,,,,,,,,,,,,,,,6.5,0,6.5,16.4,0,2018b,NI3MO7
07-07-48,194807,22523,Anti-Revolutionaire Partij,ARP,50,113,0,1982,,,13.209,0,,13,100,1,10,,147,6.8,2.7,0,2,0.7,0,0,1.4,1.4,0,0,6.1,0.7,1.4,0,4.1,0,1.4,0,0,8.2,4.1,2.7,0,12.2,0,0,0.7,0,1.4,2,2,0,0.7,0,0,0,1.4,4.8,4.8,0,3.4,0,0,0,9.5,0,4.8,0,5.4,0,0,0,2,0.7,0,0.7,0,0,0,0,0,0,0,0,0,0,0,0,0,0,0,0,0,0,0,0,0,0,0,0,0,0,0,0,0,0,0,0,0,0,0,0,0,0,0,0,0,0,0,0,0,0,0,0,0,0,0,0,0,0,,,,,,,,,,,,,,,,,,,,,,,,,,,,,,,,,18.5,4.7,8.9,9.6,0,2018b,GFD11T
07-07-48,194807,22525,Christelijk-Historische Unie,CHU,50,113,0,1982,,,9.188,0,,9,100,1,10,,68,16.2,0,0,4.4,1.5,0,0,0,0,0,0,8.8,2.9,1.5,0,0,1.5,1.5,1.5,0,1.5,2.9,0,0,2.9,0,0,4.4,0,1.5,1.5,1.5,0,0,0,0,0,0,2.9,5.9,0,1.5,0,0,0,10.3,0,8.8,1.5,5.9,0,0,0,1.5,1.5,0,4.4,0,0,0,0,0,0,0,0,0,0,0,0,0,0,0,0,0,0,0,0,0,0,0,0,0,0,0,0,0,0,0,0,0,0,0,0,0,0,0,0,0,0,0,0,0,0,0,0,0,0,0,0,0,0,,,,,,,,,,,,,,,,,,,,,,,,,,,,,,,,,20.6,1.5,1.5,8.8,0,2018b,EWZPHE
07-07-48,194807,22952,Staatskundig Gereformeerde Partij (SGP),SGP,95,331,4,2017,0.81,0.66,2.371,0,,2,100,6,120,2018-2,57,0,1.754,0,0,3.509,0,0,0,0,0,0,0,5.263,0,0,5.263,0,1.754,0,0,1.754,0,1.754,0,0,0,0,0,0,0,0,3.509,0,0,0,0,1.754,0,3.509,3.509,10.526,0,3.509,0,0,45.614,0,7.018,0,0,0,0,0,0,0,0,0,0,0,0,0,0,0,0,0,0,0,0,0,0,0,0,0,0,0,0,0,0,0,0,0,0,0,0,0,0,0,0,0,0,0,0,0,0,0,0,0,0,0,0,0,0,0,0,0,0,0,0,0,0,0,,,,,,,,,,,,,,,,,,,,,,,,,,,,,,,,,54.386,5.263,1.754,7.018,0,2018b,CPMK5J
25-06-52,195206,22320,Partij van de Arbeid (P.v.d.A),PvdA,30,113,0,1982,,,28.972,0,,30,100,1,10,,137,11,1.5,0,0.7,1.5,0.7,2.2,5.1,0.7,0,0,4.4,2.2,0.7,0,0,0,2.2,0,0,0.7,1.5,0,0.7,0.7,0,0,4.4,1.5,1.5,2.9,4.4,2.9,0.7,0,0,0,5.1,10.2,8.8,0,5.8,0,0.7,0,0.7,0,0,0.7,1.5,0,0.7,0,3.7,0,0,7.3,0,0,0,0,0,0,0,0,0,0,0,0,0,0,0,0,0,0,0,0,0,0,0,0,0,0,0,0,0,0,0,0,0,0,0,0,0,0,0,0,0,0,0,0,0,0,0,0,0,0,0,0,0,0,,,,,,,,,,,,,,,,,,,,,,,,,,,,,,,,,-22.6,5.1,1.4,19,2.9,2018b,JUCUVQ
25-06-52,195206,22420,VVD,VVD,40,113,0,1982,,,8.828,0,,9,100,1,10,,52,0,9.6,0,1.9,0,0,0,1.9,3.8,0,0,3.8,1.9,0,0,1.9,0,1.9,0,0,17.3,3.8,0,0,1.9,0,1.9,0,1.9,1.9,0,0,0,11.5,0,0,0,3.8,9.6,0,0,1.9,0,0,0,1.9,0,0,0,5.8,0,0,0,1.9,0,1.9,5.8,0,0,0,0,0,0,0,0,0,0,0,0,0,0,0,0,0,0,0,0,0,0,0,0,0,0,0,0,0,0,0,0,0,0,0,0,0,0,0,0,0,0,0,0,0,0,0,0,0,0,0,0,0,0,,,,,,,,,,,,,,,,,,,,,,,,,,,,,,,,,32.6,0,28.8,9.6,0,2018b,2YLCVW
25-06-52,195206,22522,Katholieke Volkspartij (KVP),KVP,50,113,0,1982,,,28.665,0,,30,100,1,10,,309,5.1,1.9,0.6,1,1.9,0,0.3,3.5,3.5,0,0,2.6,1.3,0.6,0,2.3,0.3,3.2,0,0,2.9,6.4,1.3,0,2.3,0,1,1,1,1.9,1.6,0.3,0,3.9,0,0,0.6,1.3,5.5,4.8,0,2.3,0,2.3,0,10,0,0,3.5,9,0,0.6,0,4.2,0.6,0,3.5,0,0,0,0,0,0,0,0,0,0,0,0,0,0,0,0,0,0,0,0,0,0,0,0,0,0,0,0,0,0,0,0,0,0,0,0,0,0,0,0,0,0,0,0,0,0,0,0,0,0,0,0,0,0,,,,,,,,,,,,,,,,,,,,,,,,,,,,,,,,,19.7,1.6,6.8,10.3,0.9,2018b,JL6FRJ
25-06-52,195206,22523,Anti-Revolutionaire Partij,ARP,50,113,0,1982,,,11.307,0,,12,100,1,10,,161,6.2,1.9,0,1.2,2.5,0,0,1.2,1.9,0,0,2.5,0.6,0.6,0,2.5,0,1.2,0,0,5.6,3.7,1.9,0,4.4,0,1.2,0.6,0.6,2.5,3.1,1.9,0,1.9,0,0,1.2,1.9,3.1,8.7,0,0.6,0.6,0.6,0,11.2,0,3.1,0,9.9,0,1.2,0,5.6,0.6,0.6,1.2,0,0,0,0,0,0,0,0,0,0,0,0,0,0,0,0,0,0,0,0,0,0,0,0,0,0,0,0,0,0,0,0,0,0,0,0,0,0,0,0,0,0,0,0,0,0,0,0,0,0,0,0,0,0,,,,,,,,,,,,,,,,,,,,,,,,,,,,,,,,,15.6,3.8,7.5,11.8,0,2018b,KQLU9U
25-06-52,195206,22525,Christelijk-Historische Unie,CHU,50,998,998,,,,8.925,0,,9,100,3,10,,62,14.35,1.8,0,2.2,1.65,0,0,1.8,0,0,0,5.3,1.45,0.75,0,0,0.75,4.3,0.75,0,2.55,4.15,0,0,3.25,0,0,4,0,0.75,1.65,0.75,0,1.8,0,0,0,0,4.15,5.65,0,1.65,0,0.9,0,14.1,0,4.4,2.55,3.85,0,0.9,0,3.45,0.75,0.9,3.1,0,0,0,0,0,0,0,0,0,0,0,0,0,0,0,0,0,0,0,0,0,0,0,0,0,0,0,0,0,0,0,0,0,0,0,0,0,0,0,0,0,0,0,0,0,0,0,0,0,0,0,0,0,0,,,,,,,,,,,,,,,,,,,,,,,,,,,,,,,,,23.75,0.75,4.35,9.8,0,2018b,ASCUQ5
13-06-56,195606,22320,Partij van de Arbeid (P.v.d.A),PvdA,30,113,0,1982,,,32.687,0,,50,150,1,10,,288,10.1,0.7,0,1,1.8,0,0.4,2.8,2.4,0,0,3.2,4.6,0,0,0,0,2.4,0,0,1,1.8,2.1,0.4,0.7,0,0,1.4,2.1,1.8,6.6,3.2,1,0,0,0,1,3.8,7,11.9,0,5.2,0,0.7,0,1,0,0,2.1,1.4,4.9,0,0,2.1,0.7,0,6.6,0,0,0,0,0,0,0,0,0,0,0,0,0,0,0,0,0,0,0,0,0,0,0,0,0,0,0,0,0,0,0,0,0,0,0,0,0,0,0,0,0,0,0,0,0,0,0,0,0,0,0,0,0,0,,,,,,,,,,,,,,,,,,,,,,,,,,,,,,,,,-21,5.7,1,18.9,0.4,2018b,8287W6
13-06-56,195606,22420,VVD,VVD,40,113,0,1982,,,8.774,0,,13,150,1,10,,263,31.6,0.8,0,3.8,0.4,0,0,2.3,1.9,0,0,4.9,0,0,0,0.4,0,2.3,0,0,14.1,1.9,3,0,0.4,0,0.4,3,1.1,0,0.4,0,0,3.8,0,0,0,2.7,3.8,1.9,0,3,0,0,0,0,3.4,0,0,1.1,1.9,1.1,0,1.9,1.1,0,1.5,0,0,0,0,0,0,0,0,0,0,0,0,0,0,0,0,0,0,0,0,0,0,0,0,0,0,0,0,0,0,0,0,0,0,0,0,0,0,0,0,0,0,0,0,0,0,0,0,0,0,0,0,0,0,,,,,,,,,,,,,,,,,,,,,,,,,,,,,,,,,10.4,3,17.9,5.7,0,2018b,C36TYZ
13-06-56,195606,22522,Katholieke Volkspartij (KVP),KVP,50,113,0,1982,,,31.693,0,,49,150,1,10,,504,6.1,1.4,0,0.6,1.2,0.2,0.6,2.6,3.8,0,0,1.8,1.2,0.6,0,2.8,0,2.4,0,0.2,2.6,6.6,0.8,0,2.2,0.2,1.2,1.2,0.6,2.4,4.2,0.4,0,2.6,0,0,0.8,2.6,4.2,7.5,0,5.4,0,1.6,0,8.7,0,0,1.6,7.5,0,0.6,0,3,0.8,0.2,5.4,0,0,0,0,0,0,0,0,0,0,0,0,0,0,0,0,0,0,0,0,0,0,0,0,0,0,0,0,0,0,0,0,0,0,0,0,0,0,0,0,0,0,0,0,0,0,0,0,0,0,0,0,0,0,,,,,,,,,,,,,,,,,,,,,,,,,,,,,,,,,8.6,1.2,5.2,11.7,0.8,2018b,AEOK8O
13-06-56,195606,22523,Anti-Revolutionaire Partij,ARP,50,113,0,1982,,,9.909,0,,15,150,1,10,,199,5.5,2.5,0,1,1.5,0,0,2,0.5,0,0,1,2,0,0,1,0,4,0,0,5.5,4.5,2.5,0,4.5,0,1,0.5,2,2,5.5,1.5,0,4.5,0,0,2,1.5,1.5,7.5,0,3,0,0.5,0,9.5,0,0.5,0,9,0,0.5,0,4,0,1.5,3.5,0,0,0,0,0,0,0,0,0,0,0,0,0,0,0,0,0,0,0,0,0,0,0,0,0,0,0,0,0,0,0,0,0,0,0,0,0,0,0,0,0,0,0,0,0,0,0,0,0,0,0,0,0,0,,,,,,,,,,,,,,,,,,,,,,,,,,,,,,,,,8.5,4,10,9,0,2018b,I8SBCU
13-06-56,195606,22525,Christelijk-Historische Unie,CHU,50,113,0,1982,,,8.431,0,,13,150,1,10,,56,12.5,3.6,0,0,1.8,0,0,3.6,0,0,0,1.8,0,0,0,0,0,7.1,0,0,3.6,5.4,0,0,3.6,0,0,3.6,0,0,1.8,0,0,3.6,0,0,0,0,5.4,5.4,0,1.8,0,1.8,0,17.9,0,0,3.6,1.8,0,1.8,0,5.4,0,1.8,1.8,0,0,0,0,0,0,0,0,0,0,0,0,0,0,0,0,0,0,0,0,0,0,0,0,0,0,0,0,0,0,0,0,0,0,0,0,0,0,0,0,0,0,0,0,0,0,0,0,0,0,0,0,0,0,,,,,,,,,,,,,,,,,,,,,,,,,,,,,,,,,26.9,0,7.2,10.8,0,2018b,5LLTLO
12-03-59,195903,22320,Partij van de Arbeid (P.v.d.A),PvdA,30,113,0,1982,,,30.357,0,,48,150,1,10,,74,20.3,1.3,0,1.3,0,2.7,2.7,1.3,0,0,0,2.7,1.3,0,0,0,0,1.3,0,0,2.7,0,2.7,1.3,0,0,0,6.8,0,0,8.1,0,0,1.3,0,0,0,4.1,2.7,10.8,0,9.5,0,0,0,0,0,0,0,0,0,1.3,0,5.4,2.7,0,5.4,0,0,0,0,0,0,0,0,0,0,0,0,0,0,0,0,0,0,0,0,0,0,0,0,0,0,0,0,0,0,0,0,0,0,0,0,0,0,0,0,0,0,0,0,0,0,0,0,0,0,0,0,0,0,,,,,,,,,,,,,,,,,,,,,,,,,,,,,,,,,-28.2,4,4,13.5,5.4,2018b,CJ1FJT
12-03-59,195903,22420,VVD,VVD,40,113,0,1982,,,12.212,0,,19,150,1,10,,330,24.2,0.6,0.6,2.4,1.5,0,0,1.2,0.6,0,0,0.3,0.3,0.6,0,0.6,0,1.5,0,0.6,11.8,7,4.2,0,1.8,0.6,2.1,0.9,6.4,0.6,1.2,0.6,0,6.4,0,0,0,0.9,6.4,3.9,0,0.6,0,0,0,0,0.3,0,1.5,1.5,0,0.6,0,4.2,0.3,0,0.9,0,0,0,0,0,0,0,0,0,0,0,0,0,0,0,0,0,0,0,0,0,0,0,0,0,0,0,0,0,0,0,0,0,0,0,0,0,0,0,0,0,0,0,0,0,0,0,0,0,0,0,0,0,0,,,,,,,,,,,,,,,,,,,,,,,,,,,,,,,,,17.4,4.8,18.2,10.3,0.6,2018b,JI8ZGC
12-03-59,195903,22522,Katholieke Volkspartij (KVP),KVP,50,113,0,1982,,,31.601,0,,49,150,1,10,,77,10.4,1.3,0,2.6,1.3,0,1.3,1.3,1.3,0,0,1.3,2.6,0,0,0,0,0,0,0,11.7,2.6,0,0,2.6,0,0,3.9,0,1.3,1.3,0,0,1.3,0,0,1.3,3.9,2.6,18.2,0,3.9,0,0,0,2.6,0,0,5.2,1.3,0,5.2,0,2.6,1.3,0,3.9,0,0,0,0,0,0,0,0,0,0,0,0,0,0,0,0,0,0,0,0,0,0,0,0,0,0,0,0,0,0,0,0,0,0,0,0,0,0,0,0,0,0,0,0,0,0,0,0,0,0,0,0,0,0,,,,,,,,,,,,,,,,,,,,,,,,,,,,,,,,,-9.1,0,13,20.8,1.3,2018b,PDG4P9
12-03-59,195903,22523,Anti-Revolutionaire Partij,ARP,50,113,0,1982,,,9.386,0,,14,150,1,10,,142,4.9,4.9,0,0.7,2.8,0,0,1.4,0.7,0,0,0,1.4,0.7,0,0,0,1.4,0,0,6.3,8.5,2.1,0,2.1,0,0,4.2,0.7,0.7,6.3,2.8,0,6.3,0,0,0,2.1,5.6,4.9,0,1.4,0,0.7,0,5.6,0,0.7,0.7,7,0,0.7,0,6.3,0,0,4.9,0,0,0,0,0,0,0,0,0,0,0,0,0,0,0,0,0,0,0,0,0,0,0,0,0,0,0,0,0,0,0,0,0,0,0,0,0,0,0,0,0,0,0,0,0,0,0,0,0,0,0,0,0,0,,,,,,,,,,,,,,,,,,,,,,,,,,,,,,,,,16.9,4.9,12.6,10.5,0,2018b,ZZY3DK
12-03-59,195903,22525,Christelijk-Historische Unie,CHU,50,113,0,1982,,,8.108,0,,12,150,1,10,,64,18.8,0,0,1.6,1.6,0,0,1.6,1.6,0,0,0,0,0,0,0,0,0,0,1.6,3.1,3.1,0,0,3.1,0,0,3.1,0,0,4.7,0,0,1.6,0,0,0,1.6,4.7,6.3,0,0,0,1.6,0,15.6,0,0,0,3.1,1.6,4.7,0,7.8,0,0,7.8,0,0,0,0,0,0,0,0,0,0,0,0,0,0,0,0,0,0,0,0,0,0,0,0,0,0,0,0,0,0,0,0,0,0,0,0,0,0,0,0,0,0,0,0,0,0,0,0,0,0,0,0,0,0,,,,,,,,,,,,,,,,,,,,,,,,,,,,,,,,,14,0,4.7,11,0,2018b,CM9FQ1
15-05-63,196305,22320,Partij van de Arbeid (P.v.d.A),PvdA,30,113,0,1982,,,28.011,0,,43,150,1,10,,179,16.3,1.1,0.6,1.1,3.4,0,6.7,6.2,2.3,0,0,2.3,3.9,0.6,0,1.1,0,1.7,0,0,0.6,0.6,1.7,1.1,0,0,0,1.1,0,1.1,6.2,1.7,1.1,0.6,0,0,0.6,3.4,8.4,12.4,0,3.4,0,0.6,0,0,0,0,1.7,1.1,1.1,1.7,0,0.6,0,0,2.3,0,0,0,0,0,0,0,0,0,0,0,0,0,0,0,0,0,0,0,0,0,0,0,0,0,0,0,0,0,0,0,0,0,0,0,0,0,0,0,0,0,0,0,0,0,0,0,0,0,0,0,0,0,0,,,,,,,,,,,,,,,,,,,,,,,,,,,,,,,,,-30.6,4.5,1.2,20.8,7.3,2018b,NXU2R6
15-05-63,196305,22420,VVD,VVD,40,113,0,1982,,,10.287,0,,16,150,1,10,,506,16.4,1.4,0,0.2,4.1,0.4,0.4,2,2.6,0,0,1.6,2.6,0.4,0,3.9,0,0.2,0,0,10.7,5.1,2.8,0.6,1.6,0,0.4,0.4,2.4,0,3.6,1,0.2,3.9,0,0,1.6,4.9,4.7,5.7,0,1.4,0,0,0,0,0.2,0.6,0.6,2.2,1,0.4,0,3.9,0.6,0,3.4,0,0,0,0,0,0,0,0,0,0,0,0,0,0,0,0,0,0,0,0,0,0,0,0,0,0,0,0,0,0,0,0,0,0,0,0,0,0,0,0,0,0,0,0,0,0,0,0,0,0,0,0,0,0,,,,,,,,,,,,,,,,,,,,,,,,,,,,,,,,,9.7,4.4,14.6,10.4,0.8,2018b,VJ8CJ4
15-05-63,196305,22522,Katholieke Volkspartij (KVP),KVP,50,113,0,1982,,,31.882,0,,50,150,1,10,,114,5.3,0.9,0,0.9,3.5,0,0.9,6.1,3.5,0,0,0.9,1.8,0,0,0,0,0,0,0,7,2.6,0,0.9,1.8,0,0,2.6,1.8,0.9,4.4,0,0,4.4,0,0,0,7,6.1,20.2,0,3.5,0,0,0,2.6,0,0,2.6,1.8,0,2.6,0,0.9,1.8,0,0.9,0,0,0,0,0,0,0,0,0,0,0,0,0,0,0,0,0,0,0,0,0,0,0,0,0,0,0,0,0,0,0,0,0,0,0,0,0,0,0,0,0,0,0,0,0,0,0,0,0,0,0,0,0,0,,,,,,,,,,,,,,,,,,,,,,,,,,,,,,,,,-13.3,0.9,11.4,26.3,0.9,2018b,GF7R5X
15-05-63,196305,22523,Anti-Revolutionaire Partij,ARP,50,113,0,1982,,,8.721,0,,13,150,1,10,,211,7.6,3.3,0,0,2.4,0,0.5,6.2,3.3,0,0.5,1.9,1.4,0,0,0,0,0.5,0,0,5.2,6.2,1.9,0.5,3.3,0,0.5,1.4,1,0.5,7.1,0.5,0,1.4,0,0,0.5,1.9,4.7,7.1,0,3.8,0,0,0,6.2,0,0,1,6.6,0,0.5,0,5.2,0.5,1,4.3,0,0,0,0,0,0,0,0,0,0,0,0,0,0,0,0,0,0,0,0,0,0,0,0,0,0,0,0,0,0,0,0,0,0,0,0,0,0,0,0,0,0,0,0,0,0,0,0,0,0,0,0,0,0,,,,,,,,,,,,,,,,,,,,,,,,,,,,,,,,,2.4,2.9,6.6,11.8,0.5,2018b,I5QM2X
15-05-63,196305,22525,Christelijk-Historische Unie,CHU,50,113,0,1982,,,8.577,0,,13,150,1,10,,44,9.1,0,0,0,0,0,6.8,6.8,0,0,0,0,0,0,0,0,0,0,0,0,2.3,6.8,0,2.3,0,0,0,2.3,0,0,4.6,0,0,6.8,0,0,0,6.8,9.1,4.6,0,4.6,0,0,0,6.8,0,0,2.3,0,0,2.3,0,6.8,0,0,9.1,0,0,0,0,0,0,0,0,0,0,0,0,0,0,0,0,0,0,0,0,0,0,0,0,0,0,0,0,0,0,0,0,0,0,0,0,0,0,0,0,0,0,0,0,0,0,0,0,0,0,0,0,0,0,,,,,,,,,,,,,,,,,,,,,,,,,,,,,,,,,-2.4,2.3,9.1,13.7,6.8,2018b,ECZ6DN
15-02-67,196702,22320,Partij van de Arbeid (P.v.d.A),PvdA,30,113,0,1982,,,23.555,0,,37,150,1,10,,114,8.8,0,2.6,0.9,2.6,3.5,6.1,2.6,1.8,0,0,7,8.8,0.9,0,0,0,1.8,0,0,0.9,2.6,0.9,2.6,0.9,0,0,1.8,0.9,0.9,4.4,5.3,2.6,0.9,0,0,2.6,2.6,12.3,3.5,0,0.9,0,0,0,0,1.8,0,0,0,0,1.8,0,0,0,0,2.6,0,0,0,0,0,0,0,0,0,0,0,0,0,0,0,0,0,0,0,0,0,0,0,0,0,0,0,0,0,0,0,0,0,0,0,0,0,0,0,0,0,0,0,0,0,0,0,0,0,0,0,0,0,0,,,,,,,,,,,,,,,,,,,,,,,,,,,,,,,,,-24.6,8.8,1.8,15.8,12.2,2018b,A9CKLR
15-02-67,196702,22330,Democraten 66 (D66),Dâ€™66,40,113,0,1982,,,4.475,0,,7,150,1,10,,206,6.3,0,0.5,0,0,0,3.9,5.8,2.4,0,0.5,9.7,11.6,1.5,0.5,0.5,0,1.9,0,0,0,1,1.9,1.5,0.5,0,0,1.5,1.9,0,2.4,0.5,0,2.9,0,0,3.4,1.9,10.7,9.7,0.5,0.5,0.5,0,0,0,4.4,1.5,0,0,2.9,0,0,0,0.5,0,4.4,0,0,0,0,0,0,0,0,0,0,0,0,0,0,0,0,0,0,0,0,0,0,0,0,0,0,0,0,0,0,0,0,0,0,0,0,0,0,0,0,0,0,0,0,0,0,0,0,0,0,0,0,0,0,,,,,,,,,,,,,,,,,,,,,,,,,,,,,,,,,-18.3,3.9,2.9,20.4,4.4,2018b,YWLIL4
15-02-67,196702,22420,VVD,VVD,40,113,0,1982,,,10.733,0,,17,150,1,10,,557,13.8,1.4,0.4,0,1.8,0.2,1.3,3.8,2.2,0,0.5,3.4,3.9,3.2,0,0.2,0,3.2,0,0.2,8.3,4.7,1.1,1.3,0.7,0,0.9,1.4,1.1,0.4,3.1,1.3,0.2,4.5,0,0,0.9,5.8,2.9,3.6,1.8,1.8,0.7,0.2,0,0,1.1,0.9,1.1,0.9,1.1,2.2,0,3.1,1.8,0,2.2,0,0,0,0,0,0,0,0,0,0,0,0,0,0,0,0,0,0,0,0,0,0,0,0,0,0,0,0,0,0,0,0,0,0,0,0,0,0,0,0,0,0,0,0,0,0,0,0,0,0,0,0,0,0,,,,,,,,,,,,,,,,,,,,,,,,,,,,,,,,,10.3,3.7,12.8,6.5,1.9,2018b,EWMDA1
15-02-67,196702,22522,Katholieke Volkspartij (KVP),KVP,50,113,0,1982,,,26.503,0,,42,150,1,10,,155,7.1,0,0,0,1.3,0.6,4.5,3.2,1.9,0,0,3.2,5.2,0.6,0,0,0,2.6,0,0,10.3,2.6,0.6,1.9,0,0,0,5.2,1.9,0,4.5,0,0,5.8,0,0,0.6,4.5,3.2,5.8,0,3.2,0,0,0,5.2,0,0.6,3.9,2.6,0,1.3,0,0.6,0,0,5.2,0,0,0,0,0,0,0,0,0,0,0,0,0,0,0,0,0,0,0,0,0,0,0,0,0,0,0,0,0,0,0,0,0,0,0,0,0,0,0,0,0,0,0,0,0,0,0,0,0,0,0,0,0,0,,,,,,,,,,,,,,,,,,,,,,,,,,,,,,,,,7.2,2.5,16.1,9,5.1,2018b,F7PRS5
15-02-67,196702,22523,Anti-Revolutionaire Partij,ARP,50,113,0,1982,,,9.902,0,,15,150,1,10,,393,6.6,2.8,0,0,2.8,0.5,3.3,9.4,3.3,0,0.3,3.3,3.6,0.5,0,0.5,0,1.5,0,1,2.3,5.6,2,1.3,1.3,0,0.5,1.5,0.3,0.8,4.3,0.8,0.3,1.8,0,0,1,2.8,6.4,3.8,0,4.1,0,0.5,0,4.8,0.3,0,0.8,4.6,0,0.3,0,3.8,1,0,3.8,0,0,0,0,0,0,0,0,0,0,0,0,0,0,0,0,0,0,0,0,0,0,0,0,0,0,0,0,0,0,0,0,0,0,0,0,0,0,0,0,0,0,0,0,0,0,0,0,0,0,0,0,0,0,,,,,,,,,,,,,,,,,,,,,,,,,,,,,,,,,-5.5,4.1,4.1,10.2,3.8,2018b,DD8EA4
15-02-67,196702,22525,Christelijk-Historische Unie,CHU,50,113,0,1982,,,8.142,0,,12,150,1,10,,125,9.6,0,0,0,1.6,0,3.2,4,0.8,0,0,6.4,4.8,4,0,0,0,4.8,0,0,2.4,4.8,1.6,0.8,0,0,0,1.6,0,0,8,0,0,5.6,0,0,0.8,3.2,4,4.8,0,3.2,0.8,0,0,4.8,0,1.6,2.4,0,0,0.8,0,4.8,0.8,0,4,0,0,0,0,0,0,0,0,0,0,0,0,0,0,0,0,0,0,0,0,0,0,0,0,0,0,0,0,0,0,0,0,0,0,0,0,0,0,0,0,0,0,0,0,0,0,0,0,0,0,0,0,0,0,,,,,,,,,,,,,,,,,,,,,,,,,,,,,,,,,10.4,2.4,8,8.8,3.2,2018b,EX47EZ
28-04-71,197104,22310,Politieke Partij Radikalen (PPR),PPR,30,113,0,1982,,,1.837,0,,2,150,1,10,,140,10,0.7,2.9,0,0,4.3,6.4,12.1,0,0,0,2.9,4.3,0,0,0,0,0.7,0,0,0,0.7,1.4,0,0,0,0,1.4,0,0,0,1.4,0,0,0,0,5,0.7,15.7,5.7,0,0.7,0,0,0,0,0,0,1.4,0,0,5,0,0.7,0.7,3.6,11.4,0,0,0,0,0,0,0,0,0,0,0,0,0,0,0,0,0,0,0,0,0,0,0,0,0,0,0,0,0,0,0,0,0,0,0,0,0,0,0,0,0,0,0,0,0,0,0,0,0,0,0,0,0,0,,,,,,,,,,,,,,,,,,,,,,,,,,,,,,,,,-36.3,2.8,0,21.4,13.6,2018b,H9G5EZ
28-04-71,197104,22320,Partij van de Arbeid (P.v.d.A),PvdA,30,113,0,1982,,,24.6,0,,39,150,1,10,,434,4.6,0.5,2.1,0.7,0.7,0.9,3,4.1,0.7,0,0,5.3,14.5,0.2,0,0,0,2.5,0,0,0.5,1.4,2.1,1.2,0,0,0,1.4,0,0.2,3.7,1.2,1.4,0,0,0,4.1,5.3,7.8,10.6,0,8.1,0,0,0,0,2.1,0,0.2,0,0.2,0.2,0,0.5,0.2,2.1,5.8,0,0,0,0,0,0,0,0,0,0,0,0,0,0,0,0,0,0,0,0,0,0,0,0,0,0,0,0,0,0,0,0,0,0,0,0,0,0,0,0,0,0,0,0,0,0,0,0,0,0,0,0,0,0,,,,,,,,,,,,,,,,,,,,,,,,,,,,,,,,,-39.7,4.5,0.5,18.4,6,2018b,9ANSIU
28-04-71,197104,22330,Democraten 66 (D66),Dâ€™66,40,113,0,1982,,,6.775,0,,11,150,1,10,,1332,11.8,0.4,0.4,0,1.7,0.6,1.3,6.8,2.4,0,0,4.5,8.7,0.2,0,0.2,0.7,6.5,0,0.8,0,0,0.8,1,0.5,0,0,0.3,0.1,0.8,10,1,0.2,1.8,0,0,12.4,3.5,4.3,5.1,0,5.7,0,0,0.1,0,1.4,1,0.1,0,0,0.2,0,1,0,0.3,1.5,0,0,0,0,0,0,0,0,0,0,0,0,0,0,0,0,0,0,0,0,0,0,0,0,0,0,0,0,0,0,0,0,0,0,0,0,0,0,0,0,0,0,0,0,0,0,0,0,0,0,0,0,0,0,,,,,,,,,,,,,,,,,,,,,,,,,,,,,,,,,-21.3,2.8,1.8,9.4,2.3,2018b,8U45OF
28-04-71,197104,22420,VVD,VVD,40,113,0,1982,,,10.341,0,,16,150,1,10,,1156,6.8,0.9,0.1,0.3,1.9,0,0.6,3.6,1.1,0,0,3.5,8.4,3.1,0,1,0,5.3,0,0.4,5.2,3.6,1.8,0.6,0,0,0,1.4,0.1,1.1,6.4,0.4,0,4.2,0,0,3.2,6,3.8,4.1,0.2,6.1,0,0.1,0,0.3,3.1,1.2,0.8,0.4,0,0.4,0,0.9,2,0.2,5.7,0,0,0,0,0,0,0,0,0,0,0,0,0,0,0,0,0,0,0,0,0,0,0,0,0,0,0,0,0,0,0,0,0,0,0,0,0,0,0,0,0,0,0,0,0,0,0,0,0,0,0,0,0,0,,,,,,,,,,,,,,,,,,,,,,,,,,,,,,,,,-1.8,2.8,9.4,7.9,0.7,2018b,3TK1I2
28-04-71,197104,22522,Katholieke Volkspartij (KVP),KVP,50,113,0,1982,,,21.837,0,,35,150,1,10,,367,6.5,0.5,0.5,0.3,2.2,0,1.6,4.4,0.8,0,0,3.5,10.6,0.8,0,0.8,0.5,6,0,0,0.8,2.2,3.5,4.4,0,0.3,0.3,1.4,1.4,0,5.2,0.8,0,2.2,0,0,2.2,3.8,4.6,6.3,0,6.5,0,0,0,0.8,1.1,1.1,0,1.9,0,1.4,0,1.6,0.8,0.3,6,0,0,0,0,0,0,0,0,0,0,0,0,0,0,0,0,0,0,0,0,0,0,0,0,0,0,0,0,0,0,0,0,0,0,0,0,0,0,0,0,0,0,0,0,0,0,0,0,0,0,0,0,0,0,,,,,,,,,,,,,,,,,,,,,,,,,,,,,,,,,-26.2,8.7,3,10.9,2.1,2018b,USSY59
28-04-71,197104,22523,Anti-Revolutionaire Partij,ARP,50,113,0,1982,,,8.59,0,,13,150,1,10,,709,7.1,1,0.7,0.4,0.9,0.1,4.9,6.1,2.3,0.1,0,3.1,5.4,0.1,0,0.3,1.1,3.4,0,0.1,0.7,5.8,2,1.5,0.1,0.1,0.1,2.1,0.3,0,4.9,0.4,0.1,0.3,0,0,3.2,3.8,5.2,8.3,0,4.4,0,0.1,0,4.6,0.3,0.4,0.1,2.7,0,0.7,0,2.8,0.4,0.4,6.6,0,0,0,0,0,0,0,0,0,0,0,0,0,0,0,0,0,0,0,0,0,0,0,0,0,0,0,0,0,0,0,0,0,0,0,0,0,0,0,0,0,0,0,0,0,0,0,0,0,0,0,0,0,0,,,,,,,,,,,,,,,,,,,,,,,,,,,,,,,,,-18.1,3.9,1,13.5,5.7,2018b,ENIU9X
28-04-71,197104,22524,Democratisch Socialisten '70,DSâ€˜70,50,113,0,1982,,,5.329,0,,8,150,1,10,,156,5.1,1.3,0,0.6,3.2,0,0,5.8,0.6,0,0.6,1.9,1.3,2.6,0,0.6,0,10.3,0,0,1.3,1.9,0,0,0,0,0,3.8,1.3,0,0,0,0,4.5,0,0,7.1,5.1,7.7,12.2,0,7.1,0,0,0,0,1.3,1.3,0,0,0,2.6,0,1.9,1.3,0,5.8,0,0,0,0,0,0,0,0,0,0,0,0,0,0,0,0,0,0,0,0,0,0,0,0,0,0,0,0,0,0,0,0,0,0,0,0,0,0,0,0,0,0,0,0,0,0,0,0,0,0,0,0,0,0,,,,,,,,,,,,,,,,,,,,,,,,,,,,,,,,,-12.9,0,5.8,19.9,0,2018b,KCRF77
28-04-71,197104,22525,Christelijk-Historische Unie,CHU,50,113,0,1982,,,6.317,0,,10,150,1,10,,837,7.5,0.1,0.1,0,3.7,0.2,2.9,6.3,1.3,0,0,3.2,10.9,2.2,0,1.1,0.6,5.1,0,0.4,1.8,0.8,0.6,2.6,0.1,0,0.1,1.8,1,0.1,4.5,1.1,0.2,2.3,0,0,3.1,6.1,2.4,7.4,0,5.6,0,0.1,0,0.5,0.1,1.9,0.2,1.1,0,0.8,0,2.3,1.7,0.5,3.5,0,0,0,0,0,0,0,0,0,0,0,0,0,0,0,0,0,0,0,0,0,0,0,0,0,0,0,0,0,0,0,0,0,0,0,0,0,0,0,0,0,0,0,0,0,0,0,0,0,0,0,0,0,0,,,,,,,,,,,,,,,,,,,,,,,,,,,,,,,,,-21.4,4.3,4.1,9.8,3.2,2018b,TSP3CL
29-11-72,197211,22310,Politieke Partij Radikalen (PPR),PPR,30,113,0,1982,,,4.799,0,,7,150,2,10,,774,3.9,0.4,0.8,0.3,0,1.5,3,6.7,0.9,0,0,3.1,10.5,0.1,0,1.3,0,3.2,0,0.5,0,1.3,3.6,1.7,0.3,0,0,0.5,0.3,0,4.4,3.8,0.6,0.5,0,0,9.2,3.1,9.3,13.3,0,5,0,0,0,0,1.8,0.4,0.1,0,0,0.5,0,0.3,0.6,0.3,3,0,0,0,0,0,0,0,0,0,0,0,0,0,0,0,0,0,0,0,0,0,0,0,0,0,0,0,0,0,0,0,0,0,0,0,0,0,0,0,0,0,0,0,0,0,0,0,0,0,0,0,0,0,0,,,,,,,,,,,,,,,,,,,,,,,,,,,,,,,,,-44.5,9.1,0.5,22.6,5.3,2018b,1XRZAH
29-11-72,197211,22320,Partij van de Arbeid (P.v.d.A),PvdA,30,113,0,1982,,,27.339,0,,43,150,2,10,,774,3.9,0.4,0.8,0.3,0,1.5,3,6.7,0.9,0,0,3.1,10.5,0.1,0,1.3,0,3.2,0,0.5,0,1.3,3.6,1.7,0.3,0,0,0.5,0.3,0,4.4,3.8,0.6,0.5,0,0,9.2,3.1,9.3,13.3,0,5,0,0,0,0,1.8,0.4,0.1,0,0,0.5,0,0.3,0.6,0.3,3,0,0,0,0,0,0,0,0,0,0,0,0,0,0,0,0,0,0,0,0,0,0,0,0,0,0,0,0,0,0,0,0,0,0,0,0,0,0,0,0,0,0,0,0,0,0,0,0,0,0,0,0,0,0,,,,,,,,,,,,,,,,,,,,,,,,,,,,,,,,,-44.5,9.1,0.5,22.6,5.3,2018b,9UL7F7
29-11-72,197211,22330,Democraten 66 (D66),Dâ€™66,40,113,0,1982,,,4.153,0,,6,150,2,10,,774,3.9,0.4,0.8,0.3,0,1.5,3,6.7,0.9,0,0,3.1,10.5,0.1,0,1.3,0,3.2,0,0.5,0,1.3,3.6,1.7,0.3,0,0,0.5,0.3,0,4.4,3.8,0.6,0.5,0,0,9.2,3.1,9.3,13.3,0,5,0,0,0,0,1.8,0.4,0.1,0,0,0.5,0,0.3,0.6,0.3,3,0,0,0,0,0,0,0,0,0,0,0,0,0,0,0,0,0,0,0,0,0,0,0,0,0,0,0,0,0,0,0,0,0,0,0,0,0,0,0,0,0,0,0,0,0,0,0,0,0,0,0,0,0,0,,,,,,,,,,,,,,,,,,,,,,,,,,,,,,,,,-44.5,9.1,0.5,22.6,5.3,2018b,LMIGRE
29-11-72,197211,22420,VVD,VVD,40,113,0,1982,,,14.449,0,,22,150,1,10,,61,13.1,0,0,0,3.3,0,0,1.6,1.6,0,0,3.3,0,1.6,0,0,0,3.3,0,0,14.8,1.6,0,0,0,0,0,3.3,3.3,4.9,0,0,0,8.2,0,0,3.3,0,1.6,8.2,1.6,6.6,0,0,0,0,0,3.3,0,0,0,0,0,0,4.9,0,6.6,0,0,0,0,0,0,0,0,0,0,0,0,0,0,0,0,0,0,0,0,0,0,0,0,0,0,0,0,0,0,0,0,0,0,0,0,0,0,0,0,0,0,0,0,0,0,0,0,0,0,0,0,0,0,,,,,,,,,,,,,,,,,,,,,,,,,,,,,,,,,21.3,0,23,9.8,0,2018b,FRRY34
29-11-72,197211,22522,Katholieke Volkspartij (KVP),KVP,50,113,0,1982,,,17.655,0,,27,150,2,10,,229,2.6,0.4,0,0.9,0.9,0,1.3,3.9,1.3,0,0,3.1,7.4,2.2,0,1.8,0,1.8,0,0,0.4,2.2,2.2,2.2,0,0,0,0.4,0.9,0,3.1,1.8,0,4.8,0,0,7.9,5.7,6.6,14,0.4,3.5,0.9,0,0,5.2,0.9,3.1,1.3,0.9,0,0.4,0,0,0.9,0,3.1,0,0,0,0,0,0,0,0,0,0,0,0,0,0,0,0,0,0,0,0,0,0,0,0,0,0,0,0,0,0,0,0,0,0,0,0,0,0,0,0,0,0,0,0,0,0,0,0,0,0,0,0,0,0,,,,,,,,,,,,,,,,,,,,,,,,,,,,,,,,,-14,6.2,5.2,20.6,1.3,2018b,DY79UF
29-11-72,197211,22523,Anti-Revolutionaire Partij,ARP,50,113,0,1982,,,8.84,0,,14,150,2,10,,229,2.6,0.4,0,0.9,0.9,0,1.3,3.9,1.3,0,0,3.1,7.4,2.2,0,1.8,0,1.8,0,0,0.4,2.2,2.2,2.2,0,0,0,0.4,0.9,0,3.1,1.8,0,4.8,0,0,7.9,5.7,6.6,14,0.4,3.5,0.9,0,0,5.2,0.9,3.1,1.3,0.9,0,0.4,0,0,0.9,0,3.1,0,0,0,0,0,0,0,0,0,0,0,0,0,0,0,0,0,0,0,0,0,0,0,0,0,0,0,0,0,0,0,0,0,0,0,0,0,0,0,0,0,0,0,0,0,0,0,0,0,0,0,0,0,0,,,,,,,,,,,,,,,,,,,,,,,,,,,,,,,,,-14,6.2,5.2,20.6,1.3,2018b,TPYF35
29-11-72,197211,22524,Democratisch Socialisten '70,DSâ€˜70,50,113,0,1982,,,4.121,0,,6,150,1,10,,354,3.9,1.7,0,0,2.3,0,0.6,4.2,1.7,0,0,0.3,1.7,1.1,0.3,0.3,0,9.3,0,0,0.9,0.9,2.8,0.3,0,0,0.3,3.9,0.6,0.3,6.5,0.9,0,7.3,0,0,5.6,4.8,3.1,8.5,1.1,8.8,0.9,0.9,0,0,0.6,0.9,0.3,0.6,0.6,1.4,0,1.4,2.3,1.1,5.4,0,0,0,0,0,0,0,0,0,0,0,0,0,0,0,0,0,0,0,0,0,0,0,0,0,0,0,0,0,0,0,0,0,0,0,0,0,0,0,0,0,0,0,0,0,0,0,0,0,0,0,0,0,0,,,,,,,,,,,,,,,,,,,,,,,,,,,,,,,,,-12.9,4,8.2,11.6,0.6,2018b,KJS89K
29-11-72,197211,22525,Christelijk-Historische Unie,CHU,50,113,0,1982,,,4.794,0,,7,150,2,10,,229,2.6,0.4,0,0.9,0.9,0,1.3,3.9,1.3,0,0,3.1,7.4,2.2,0,1.8,0,1.8,0,0,0.4,2.2,2.2,2.2,0,0,0,0.4,0.9,0,3.1,1.8,0,4.8,0,0,7.9,5.7,6.6,14,0.4,3.5,0.9,0,0,5.2,0.9,3.1,1.3,0.9,0,0.4,0,0,0.9,0,3.1,0,0,0,0,0,0,0,0,0,0,0,0,0,0,0,0,0,0,0,0,0,0,0,0,0,0,0,0,0,0,0,0,0,0,0,0,0,0,0,0,0,0,0,0,0,0,0,0,0,0,0,0,0,0,,,,,,,,,,,,,,,,,,,,,,,,,,,,,,,,,-14,6.2,5.2,20.6,1.3,2018b,MKTI3M
25-05-77,197705,22310,Politieke Partij Radikalen (PPR),PPR,30,113,0,1982,,,1.694,0,,3,150,1,10,,1122,2.1,0,0.5,0.4,0,2.7,2.8,9,0.6,0,0.1,4.8,7.8,0.4,0,1.3,0,0.8,0,0.2,0,0.3,2.7,1.1,0.1,0,0,2,0.2,0,5.7,1.8,1.8,0.4,0,0,13.5,2.3,6.5,13.9,0,4.4,0.1,0,0,0,0.4,0.1,0.2,0.1,0,0.4,0,1.6,0.1,2.4,4.7,0,0,0,0,0,0,0,0,0,0,0,0,0,0,0,0,0,0,0,0,0,0,0,0,0,0,0,0,0,0,0,0,0,0,0,0,0,0,0,0,0,0,0,0,0,0,0,0,0,0,0,0,0,0,,,,,,,,,,,,,,,,,,,,,,,,,,,,,,,,,-42.4,5.6,0.4,20.4,6,2018b,2DGVZR
25-05-77,197705,22320,Partij van de Arbeid (P.v.d.A),PvdA,30,113,0,1982,,,33.829,0,,53,150,1,10,,963,5.6,0,0.6,0.2,0,2,3,7.8,0.5,0,0,2.8,7.9,0,0,1,0.1,1.5,0.1,0.3,0,1.6,3.3,0.1,0,0,0,2.4,0,0,3.1,5.1,1.7,0.3,0,0,6.1,2.2,11.5,13.2,0,4.9,0,0,0,0,0.4,0.4,0,0.2,0,1.8,0,1.7,0.4,1.3,5,0,0,0,0,0,0,0,0,0,0,0,0,0,0,0,0,0,0,0,0,0,0,0,0,0,0,0,0,0,0,0,0,0,0,0,0,0,0,0,0,0,0,0,0,0,0,0,0,0,0,0,0,0,0,,,,,,,,,,,,,,,,,,,,,,,,,,,,,,,,,-45.6,8.5,0.3,24.7,5.6,2018b,RD7UDC
25-05-77,197705,22330,Democraten 66 (D66),Dâ€™66,40,113,0,1982,,,5.439,0,,8,150,1,10,,422,11.4,0,0,0,4,0.2,1.2,2.1,1.2,0,0,3.1,10.7,0.2,0,1.7,0,1.7,0,0,0.5,2.1,3.3,0,0.5,0,0,4,0.2,2.8,3.8,0.7,0,1.2,0,0,7.1,0,5,14.7,0,6.2,0,0,0,0,0,1.4,0.2,0,0,0.2,0,1.9,0.2,0,6.4,0,0,0,0,0,0,0,0,0,0,0,0,0,0,0,0,0,0,0,0,0,0,0,0,0,0,0,0,0,0,0,0,0,0,0,0,0,0,0,0,0,0,0,0,0,0,0,0,0,0,0,0,0,0,,,,,,,,,,,,,,,,,,,,,,,,,,,,,,,,,-26.6,4,1.7,19.7,1.4,2018b,W26KVR
25-05-77,197705,22420,VVD,VVD,40,113,0,1982,,,17.946,0,,28,150,1,10,,961,2.6,0.4,0.1,0,3.4,0,0.4,4.5,2,0,0,6,2,1.9,0,2.3,0.5,4.5,0,0.1,9.4,3.4,0.9,0.1,0.2,0,0,4.6,1,0.4,3.2,0,0,5.6,0,0,3.1,3.1,2.7,5,1.1,9.2,0.2,0,0,0.1,1.3,2.8,2.4,0.5,0,0.7,0,2.5,0.1,0.3,5.2,0,0,0,0,0,0,0,0,0,0,0,0,0,0,0,0,0,0,0,0,0,0,0,0,0,0,0,0,0,0,0,0,0,0,0,0,0,0,0,0,0,0,0,0,0,0,0,0,0,0,0,0,0,0,,,,,,,,,,,,,,,,,,,,,,,,,,,,,,,,,13.4,1,15,7.7,0.5,2018b,XXT1NL
25-05-77,197705,22521,CDA,CDA,50,113,0,1982,,,31.887,0,,49,150,1,10,,746,10.9,0.3,0.1,0.5,1.9,0.1,2.4,4.2,3.5,0,0,1.5,2.8,0.5,0,1.9,0.1,2.6,0,0.9,1.3,3.2,3.8,1.1,1.2,0,0.1,3.6,1.7,0.1,4.2,0.9,0,1.6,0,0,5.8,2.6,3.3,6.2,1.1,6.4,0,0,0,2.3,0.3,1.7,1.9,2.4,0,1.2,0,0.9,0.3,1.1,5.5,0,0,0,0,0,0,0,0,0,0,0,0,0,0,0,0,0,0,0,0,0,0,0,0,0,0,0,0,0,0,0,0,0,0,0,0,0,0,0,0,0,0,0,0,0,0,0,0,0,0,0,0,0,0,,,,,,,,,,,,,,,,,,,,,,,,,,,,,,,,,-11.6,5.8,2.9,9.5,2.6,2018b,UF5ET1
25-05-77,197705,22524,Democratisch Socialisten '70,DSâ€˜70,50,113,0,1982,,,0.715,0,,1,150,1,10,,479,6.1,0.2,0.2,0.4,3.8,0,0.8,4.2,1.9,0,0,1,3.3,0.4,0,0.4,0.4,6.7,0,0.8,1.9,2.5,3.6,0.8,0,0,0,2.9,1.7,0.2,6.5,1.9,0,1,0,0,9.2,4.4,4,7.7,0.2,5.4,1.3,0.6,0,0,2.5,2.3,0.8,0.4,0,0.8,0,2.1,0.2,1,3.3,0,0,0,0,0,0,0,0,0,0,0,0,0,0,0,0,0,0,0,0,0,0,0,0,0,0,0,0,0,0,0,0,0,0,0,0,0,0,0,0,0,0,0,0,0,0,0,0,0,0,0,0,0,0,,,,,,,,,,,,,,,,,,,,,,,,,,,,,,,,,-13.6,6.3,2.9,11.7,1,2018b,ZN616F
26-05-81,198105,22310,Politieke Partij Radikalen (PPR),PPR,30,998,998,,,,1.968,0,,3,150,3,10,,667.5,9.95,0,0.25,0.2,0,7.95,4.45,6.4,1.95,0,0.05,3.1,4.6,0.2,0,1.35,0,0.85,0,2.45,0,4.6,1.35,0.55,0.05,0,0,5.45,0.35,0.25,3.3,1.35,0.9,0.65,0,1.9,7.7,1.15,9.6,6.95,0,2.2,0.05,0,0,0,0.2,0.3,1.3,0.05,0,0.9,0,0.8,0.3,1.2,3.05,0,0,0,0,0,0,0,0,0,0,0,0,0,0,0,0,0,0,0,0,0,0,0,0,0,0,0,0,0,0,0,0,0,0,0,0,0,0,0,0,0,0,0,0,0,0,0,0,0,0,0,0,0,0,,,,,,,,,,,,,,,,,,,,,,,,,,,,,,,,,-25.2,3.25,0.65,16.55,12.65,2018b,55Q6IF
26-05-81,198105,22320,Partij van de Arbeid (P.v.d.A),PvdA,30,113,0,1982,,,28.288,0,,44,150,1,10,,1493,8.6,0.1,0.4,0.1,0.1,0.1,4.1,6.1,0.7,0,0.1,4.6,5.3,0.7,0,1.5,0,1.5,0,0,0,1,2.6,3.2,0.1,0,0,8.3,0.7,2,1,4,1.4,4,0,0,5.1,3.4,7.1,10.4,0,3,0,0,0,0,0.3,1.6,0,0.3,0,0.3,0,0.8,0.4,1.4,3.9,0,0,0,0,0,0,0,0,0,0,0,0,0,0,0,0,0,0,0,0,0,0,0,0,0,0,0,0,0,0,0,0,0,0,0,0,0,0,0,0,0,0,0,0,0,0,0,0,0,0,0,0,0,0,,,,,,,,,,,,,,,,,,,,,,,,,,,,,,,,,-28.6,9.8,4,17.5,4.6,2018b,Q3IL73
26-05-81,198105,22330,Democraten 66 (D66),Dâ€™66,40,113,0,1982,,,11.059,0,,17,150,1,10,,1634,10.6,0.2,0.6,0,1,1.7,2.1,5.1,0.9,0,0,2.1,5.8,1.2,0.1,1.9,0,3.6,0,0.2,1,1.2,1.3,1.3,0.1,0.2,0,4.4,0.2,1.4,2.7,1.5,0.1,3,0,0,8.3,5.1,5.6,8.1,0,4.9,0,0,0.1,0,0.5,0.9,0.5,0.4,0.2,1.1,0,1.3,0.1,1.4,6.1,0,0,0,0,0,0,0,0,0,0,0,0,0,0,0,0,0,0,0,0,0,0,0,0,0,0,0,0,0,0,0,0,0,0,0,0,0,0,0,0,0,0,0,0,0,0,0,0,0,0,0,0,0,0,,,,,,,,,,,,,,,,,,,,,,,,,,,,,,,,,-22.1,4.1,4,13.7,4.4,2018b,1F47MF
26-05-81,198105,22420,VVD,VVD,40,113,0,1982,,,17.321,0,,26,150,1,10,,1308,6,0.3,0.3,0.3,2.6,0,0.7,5.9,2.2,0,0,5.4,2.5,0.2,0,2,0,5.1,0,0.7,6.5,2.9,1.1,0.2,0,0,0,2.8,0.2,2.2,5.1,0.3,0,5.7,0,0,4,2.9,3.4,5.1,0.7,4.7,0.2,0.9,0,0,0.6,1.8,1.5,0.7,0,0.5,0,4.1,0.3,1.5,6.2,0,0,0,0,0,0,0,0,0,0,0,0,0,0,0,0,0,0,0,0,0,0,0,0,0,0,0,0,0,0,0,0,0,0,0,0,0,0,0,0,0,0,0,0,0,0,0,0,0,0,0,0,0,0,,,,,,,,,,,,,,,,,,,,,,,,,,,,,,,,,7.6,1.6,12.2,8.5,1,2018b,6YLBKF
26-05-81,198105,22521,CDA,CDA,50,113,0,1982,,,30.806,0,,48,150,1,10,,2167,10.9,0.4,0,0.3,0.6,2.1,0.5,8.1,2.8,0,0,1.7,3.5,0.3,0,1.8,0,2.6,0,0.8,1.5,1.4,0.7,2.1,1.1,0,0.3,5.4,0.4,0.6,3.1,1.2,0,2,0,0,5.1,3.1,4,10,1.4,4.3,0.1,0.3,0,0.9,0.3,1.8,1.8,1.9,0,1.3,0,1.3,0.6,3.2,2.5,0,0,0,0,0,0,0,0,0,0,0,0,0,0,0,0,0,0,0,0,0,0,0,0,0,0,0,0,0,0,0,0,0,0,0,0,0,0,0,0,0,0,0,0,0,0,0,0,0,0,0,0,0,0,,,,,,,,,,,,,,,,,,,,,,,,,,,,,,,,,-19.3,4,3.5,14,2.6,2018b,CGTLN8
26-05-81,198105,22528,Reformatorische Politieke Federatie (RPF),RPF,50,326,5,2017,0.773,0.682,1.247,0,,2,150,1,121,2018-2,866,0,1.155,0,0,6.582,1.039,1.732,5.774,1.386,1.039,0.808,3.58,0.693,0.462,0.231,0.693,0.231,1.501,0,0.924,1.386,1.039,1.27,0,0.231,0,1.732,0.346,0,0.115,3.002,0,0,1.27,0,1.732,5.081,2.079,0.693,2.309,8.083,2.54,0.231,0,0,24.711,0,4.965,0.115,0.577,0.693,1.848,0,6.005,0,0,0.115,0,0,0,0,0,0,0,0,0,0,0,0,0,0,0,0,0,0,0,0,0,0,0,0,0,0,0,0,0,0,0,0,0,0,0,0,0,0,0,0,0,0,0,0,0,0,0,0,0,0,0,0,0,0,0,0,0,0,0,0,0,0,0,0,0,0,0,0,0,0,0,0,0,0,0,0,0,0,0,0,0,0,0,0,0,0,37.644,1.27,2.656,3.002,2.771,2018b,5FLQT2
08-09-82,198209,22210,Communistische Partij van Nederland,CPN,20,326,5,2017,0.773,0.682,1.794,0,,3,150,1,121,2018-2,460,0,0.217,0,1.522,0,7.174,2.609,2.609,0,0.217,0,3.261,3.043,0,0,0.217,0,0.87,0,9.13,0,0.217,1.957,3.043,1.304,0.435,0,0.217,3.696,0,2.609,0.435,0.217,0,0,0.87,5.652,3.261,21.522,10.217,0,2.174,0,0.217,0,0.217,1.304,1.087,0,0.652,0.652,3.478,0,0.652,0,1.087,1.957,0,0,0,0,0,0,0,0,0,0,0,0,0,0,0,0,0,0,0,0,0,0,0,0,0,0,0,0,0,0,0,0,0,0,0,0,0,0,0,0,0,0,0,0,0,0,0,0,0,0,0,0,0,0,0,0,0,0,0,0,0,0,0,0,0,0,0,0,0,0,0,0,0,0,0,0,0,0,0,0,0,0,0,0,0,0,-24.783,5.435,0,31.739,9.783,2018b,MTEX39
08-09-82,198209,22310,Politieke Partij Radikalen (PPR),PPR,30,220,1,1991,0.774,,1.657,0,,2,150,1,10,,213,17.8,0,0,0,0,13.2,6.1,3.8,3.3,0,0,1.4,1.4,0,0,1.4,0,0.9,0,4.7,0,8.9,0,0,0,0,0,8.9,0.5,0.5,0.9,0.9,0,0.9,0,3.8,1.9,0,12.7,0,0,0,0,0,0,0,0,0.5,2.4,0,0,1.4,0,0,0.5,0,1.4,0,0,0,0,0,0,0,0,0,0,0,0,0,0,0,0,0,0,0,0,0,0,0,0,0,0,0,0,0,0,0,0,0,0,0,0,0,0,0,0,0,0,0,0,0,0,0,0,0,0,0,0,0,0,,,,,,,,,,,,,,,,,,,,,,,,,,,,,,,,,-8,0.9,0.9,12.7,19.3,2018b,5J9Y68
08-09-82,198209,22320,Partij van de Arbeid (P.v.d.A),PvdA,30,220,1,1991,0.774,,30.395,0,,47,150,1,10,,767,2.4,0,0.3,0.3,0.1,5.5,1.7,12.7,2.1,0,0.1,1.3,3,0.1,0,3.1,0,6.8,0,0.4,0.4,4.8,1.7,1,0.4,0,0.1,2.9,0.3,0.1,2.5,2.9,0.8,7.6,0,0,2.4,2.6,13.2,4.7,0.1,1.3,0,0,0,0,0.1,2.3,0.8,0.4,0,3.1,0,0,0.5,2.1,1.2,0,0,0,0,0,0,0,0,0,0,0,0,0,0,0,0,0,0,0,0,0,0,0,0,0,0,0,0,0,0,0,0,0,0,0,0,0,0,0,0,0,0,0,0,0,0,0,0,0,0,0,0,0,0,,,,,,,,,,,,,,,,,,,,,,,,,,,,,,,,,-20.7,5.6,8,17.9,7.5,2018b,ORSBQ4
08-09-82,198209,22330,Democraten 66 (D66),Dâ€™66,40,220,1,1991,0.774,,4.265,0,,6,150,1,10,,1982,6.1,0.4,0.3,0,0.7,2.7,0.9,4.1,1.3,0,0.1,3.8,5.7,0,0,2.4,0,9,0,1,0.6,3.7,2,0.9,0.4,0.3,0.3,1.5,0.2,0.8,6,3.3,0.1,2.6,0,0.2,6.9,4.5,7.4,3.3,0.2,2.7,0.4,0.1,0,0,0.1,1.6,0.6,0.4,0,1.8,0,1,0.6,5,2.9,0,0,0,0,0,0,0,0,0,0,0,0,0,0,0,0,0,0,0,0,0,0,0,0,0,0,0,0,0,0,0,0,0,0,0,0,0,0,0,0,0,0,0,0,0,0,0,0,0,0,0,0,0,0,,,,,,,,,,,,,,,,,,,,,,,,,,,,,,,,,-12.6,6.2,3.2,10.7,3.9,2018b,WQGS4A
08-09-82,198209,22420,VVD,VVD,40,220,1,1991,0.774,,23.077,0,,36,150,1,10,,317,3.2,0,0,0,1.9,1.3,0,6.9,0.6,0.3,0,4.1,1.3,0.3,0,0.6,0,12,0,0.3,4.7,6.6,0.3,0,0,0,0,3.2,0,0.3,6.9,1.6,0,12.6,0,0,2.5,1.3,5.1,1.6,6.3,4.1,0.3,0,0,0,0,1.9,1,0,0,1.6,0,2.2,0.6,1.9,0.6,0,0,0,0,0,0,0,0,0,0,0,0,0,0,0,0,0,0,0,0,0,0,0,0,0,0,0,0,0,0,0,0,0,0,0,0,0,0,0,0,0,0,0,0,0,0,0,0,0,0,0,0,0,0,,,,,,,,,,,,,,,,,,,,,,,,,,,,,,,,,21,1.9,17.3,6.7,1.3,2018b,3274D5
08-09-82,198209,22521,CDA,CDA,50,220,1,1991,0.774,,29.387,0,,45,150,1,10,,2055,6.5,0,0.2,0.3,2,2,1.4,7.2,4.1,0,0.6,2.7,3.9,0.1,0,2.1,0.1,6.9,0,0.9,0.6,1.9,1.7,0.3,0.5,0,0.1,1.7,0,0.7,7.1,1.9,0,4.7,0,0,7.1,2.2,5.4,7.3,1.4,3,0,0,0,0.3,0.1,2.9,1,0.9,0,1.3,0,0.8,0.8,1.8,1.9,0,0,0,0,0,0,0,0,0,0,0,0,0,0,0,0,0,0,0,0,0,0,0,0,0,0,0,0,0,0,0,0,0,0,0,0,0,0,0,0,0,0,0,0,0,0,0,0,0,0,0,0,0,0,,,,,,,,,,,,,,,,,,,,,,,,,,,,,,,,,-11.7,3.9,5.3,12.7,3.6,2018b,L53VFM
08-09-82,198209,22527,Gereformeerd Politiek Verbond (GPV),GPV,50,326,5,2017,0.773,0.682,0.815,0,,1,150,1,121,2018-2,922,0,1.41,0,0,1.844,0.651,0.325,2.603,0.868,0.217,0.542,2.278,0.542,0.217,0.651,2.278,0.434,2.928,0,1.193,0.217,0.976,1.193,0,0,0.542,0.108,0,0,0.325,4.881,0,0,2.169,0,1.41,4.121,1.844,1.627,3.254,7.918,10.195,0.542,1.193,0,25.054,0.108,3.579,0.976,1.085,0.651,3.796,0,2.928,0,0,0.325,0,0,0,0,0,0,0,0,0,0,0,0,0,0,0,0,0,0,0,0,0,0,0,0,0,0,0,0,0,0,0,0,0,0,0,0,0,0,0,0,0,0,0,0,0,0,0,0,0,0,0,0,0,0,0,0,0,0,0,0,0,0,0,0,0,0,0,0,0,0,0,0,0,0,0,0,0,0,0,0,0,0,0,0,0,0,24.62,1.193,2.386,4.881,0.976,2018b,JOYG38
08-09-82,198209,22528,Reformatorische Politieke Federatie (RPF),RPF,50,326,5,2017,0.773,0.682,1.508,0,,2,150,1,121,2018-2,866,0,1.155,0,0,6.582,1.039,1.732,5.774,1.386,1.039,0.808,3.58,0.693,0.462,0.231,0.693,0.231,1.501,0,0.924,1.386,1.039,1.27,0,0.231,0,1.732,0.346,0,0.115,3.002,0,0,1.27,0,1.732,5.081,2.079,0.693,2.309,8.083,2.54,0.231,0,0,24.711,0,4.965,0.115,0.577,0.693,1.848,0,6.005,0,0,0.115,0,0,0,0,0,0,0,0,0,0,0,0,0,0,0,0,0,0,0,0,0,0,0,0,0,0,0,0,0,0,0,0,0,0,0,0,0,0,0,0,0,0,0,0,0,0,0,0,0,0,0,0,0,0,0,0,0,0,0,0,0,0,0,0,0,0,0,0,0,0,0,0,0,0,0,0,0,0,0,0,0,0,0,0,0,0,37.644,1.27,2.656,3.002,2.771,2018b,PBJ2UX
08-09-82,198209,22710,CP,,70,326,5,2017,0.773,0.682,0.831,0,,1,150,1,121,2018-2,392,0.255,0.765,0,0,6.122,3.061,0,7.908,0,0.255,0.255,3.571,6.633,0,0.51,0.765,0.255,3.316,0,0,1.531,1.276,4.847,0,1.02,0,0.765,0.255,0,0.765,4.847,0.255,0,0.255,0,2.806,8.163,5.102,5.102,2.041,0.51,3.061,0,6.633,0,0.51,0,6.122,1.02,0,3.316,5.357,0,0.255,0,0,0.51,0,0,0,0,0,0,0,0,0,0,0,0,0,0,0,0,0,0,0,0,0,0,0,0,0,0,0,0,0,0,0,0,0,0,0,0,0,0,0,0,0,0,0,0,0,0,0,0,0,0,0,0,0,0,0,0,0,0,0,0,0,0,0,0,0,0,0,0,0,0,0,0,0,0,0,0,0,0,0,0,0,0,0,0,0,0,-4.847,5.102,1.786,7.143,3.061,2018b,7BRATL
08-09-82,198209,22952,Staatskundig Gereformeerde Partij (SGP),SGP,95,326,5,2017,0.773,0.682,1.902,0,,3,150,1,121,2018-2,755,0,1.192,0,0,2.384,0.662,1.457,3.576,0,0,0.53,2.252,1.192,0.53,0.265,1.987,0.132,1.457,0,0.795,1.06,1.457,2.517,0.265,0.397,0,0.927,0.662,0,0.397,7.152,0,0,6.623,0,3.444,2.517,0.795,3.576,2.914,5.43,6.49,0.53,0.53,0,21.987,0,5.828,1.589,0,0.265,2.517,0,1.457,0,0,0.265,0,0,0,0,0,0,0,0,0,0,0,0,0,0,0,0,0,0,0,0,0,0,0,0,0,0,0,0,0,0,0,0,0,0,0,0,0,0,0,0,0,0,0,0,0,0,0,0,0,0,0,0,0,0,0,0,0,0,0,0,0,0,0,0,0,0,0,0,0,0,0,0,0,0,0,0,0,0,0,0,0,0,0,0,0,0,29.801,2.781,7.682,6.49,2.119,2018b,W1J1HR
21-05-86,198605,22230,Pacifistisch-Socialistische Partij (PSP),PSP,20,331,4,2017,0.81,0.66,1.2,0,,1,150,1,120,2018-2,1818,0,0.055,0,1.045,0.055,6.766,0.66,1.65,0,1.045,0.66,5.886,6.491,0.165,0,2.42,0.11,2.475,0.44,3.41,0.11,1.155,0.715,0.77,0,0.33,0,0.055,0.825,0,0.99,2.53,2.75,0.055,4.51,2.035,10.286,2.145,11.771,9.516,0,3.96,0,0.22,1.485,0.055,3.575,0.55,2.035,0.055,0,0.055,0,3.63,0.165,0.22,0.11,0,0,0,0,0,0,0,0,0,0,0,0,0,0,0,0,0,0,0,0,0,0,0,0,0,0,0,0,0,0,0,0,0,0,0,0,0,0,0,0,0,0,0,0,0,0,0,0,0,0,0,0,0,0,,,,,,,,,,,,,,,,,,,,,,,,,,,,,,,,,-23.542,4.015,0.165,21.287,7.426,2018b,392T2P
21-05-86,198605,22310,Politieke Partij Radikalen (PPR),PPR,30,220,1,1991,0.774,,1.256,0,,2,150,1,10,,1344,22.8,0.2,0.1,0,0.1,1.1,1.6,4.1,0.5,0,0.2,5,4.2,0.1,0.1,2.6,0,8.3,0,0,0.1,1.5,0.8,0.7,0.1,0,0,0.9,0,1.3,4.1,1.7,0.3,0.5,0,0.7,5.4,3.4,8,4.9,0.2,1.6,0,0,0,0,0,2.3,0,0.4,0,1.7,0,0.2,0.6,2.7,5.1,0,0,0,0,0,0,0,0,0,0,0,0,0,0,0,0,0,0,0,0,0,0,0,0,0,0,0,0,0,0,0,0,0,0,0,0,0,0,0,0,0,0,0,0,0,0,0,0,0,0,0,0,0,0,,,,,,,,,,,,,,,,,,,,,,,,,,,,,,,,,-12.9,3.2,0.6,12.9,2.8,2018b,YIT1RV
21-05-86,198605,22320,Partij van de Arbeid (P.v.d.A),PvdA,30,220,1,1991,0.774,,33.271,0,,52,150,1,10,,1718,4.4,0.2,0.8,0.1,0.2,4,1.3,8.4,2.9,0,0,2,2.2,0,0.1,3,0,7.2,0,1.8,0.2,3.4,1.1,0.6,0.4,0,0.4,2.7,0.1,1,7.7,3.3,0.2,0.7,0,0,7.5,3.7,6.9,6.1,0.5,1.8,0.1,0,0,0,0,2.7,0.3,0.2,0,3.3,0,0.4,0.6,3.1,2.7,0,0,0,0,0,0,0,0,0,0,0,0,0,0,0,0,0,0,0,0,0,0,0,0,0,0,0,0,0,0,0,0,0,0,0,0,0,0,0,0,0,0,0,0,0,0,0,0,0,0,0,0,0,0,,,,,,,,,,,,,,,,,,,,,,,,,,,,,,,,,-20.2,5,0.9,13,6.1,2018b,K1NNU5
21-05-86,198605,22330,Democraten 66 (D66),Dâ€™66,40,220,1,1991,0.774,,6.132,0,,9,150,1,10,,1289,5.4,0,0.4,0.6,1.6,2.5,0.6,5.1,3,0,0,2.8,3.1,0.3,0.2,2.9,0,11.5,0,3.4,0.3,2.9,1.2,0.1,0.5,0,0.1,1.5,0,0.4,5.1,1.9,0,4.3,0,0,9.8,3.9,5,3.3,0.3,1.5,0,0.1,0.7,0,0.2,1.9,0.2,0.3,0,2.8,0,1.2,2.9,2.4,2.2,0,0,0,0,0,0,0,0,0,0,0,0,0,0,0,0,0,0,0,0,0,0,0,0,0,0,0,0,0,0,0,0,0,0,0,0,0,0,0,0,0,0,0,0,0,0,0,0,0,0,0,0,0,0,,,,,,,,,,,,,,,,,,,,,,,,,,,,,,,,,-4.5,3.2,4.6,8.3,3.5,2018b,HNJHWR
21-05-86,198605,22420,VVD,VVD,40,220,1,1991,0.774,,17.411,0,,27,150,1,10,,1587,4.3,0.4,0.6,0.2,2,0.3,0.7,5.1,3.7,0.1,0.1,3.8,1.1,0.1,0,1.6,0,10.7,0,1.3,2,2.5,2.1,0.1,0.3,0,0.2,1.3,0,2,6.9,1.9,0.1,5.8,0,0,7.9,3.2,3.4,2.7,1.6,3.5,0.1,0.1,0,0,0.3,6.2,0.1,0.3,0,1.3,0,2.1,0.8,3.1,2.1,0,0,0,0,0,0,0,0,0,0,0,0,0,0,0,0,0,0,0,0,0,0,0,0,0,0,0,0,0,0,0,0,0,0,0,0,0,0,0,0,0,0,0,0,0,0,0,0,0,0,0,0,0,0,,,,,,,,,,,,,,,,,,,,,,,,,,,,,,,,,6.6,4.1,7.8,6.1,1.6,2018b,5RQB68
21-05-86,198605,22521,CDA,CDA,50,220,1,1991,0.774,,34.593,0,,54,150,1,10,,2063,3.1,0.1,0.4,0.2,1.4,1.3,0.5,7.6,3.6,0,0.2,2.9,1.7,0.1,0,4.5,0,6,0,0.2,0.8,1.6,0.8,0.1,0.5,0,0.2,1.8,0.1,1.1,8.9,1.7,0,4.9,0,0,6.9,5.6,3.3,4.3,1.4,4.4,0,0.1,0,0.5,0,5.5,1,1.5,0,2,0,1.5,0.8,1.6,3.2,0,0,0,0,0,0,0,0,0,0,0,0,0,0,0,0,0,0,0,0,0,0,0,0,0,0,0,0,0,0,0,0,0,0,0,0,0,0,0,0,0,0,0,0,0,0,0,0,0,0,0,0,0,0,,,,,,,,,,,,,,,,,,,,,,,,,,,,,,,,,-4,2.6,5.7,7.6,2.2,2018b,XWC4HG
21-05-86,198605,22952,Staatskundig Gereformeerde Partij (SGP),SGP,95,331,4,2017,0.81,0.66,1.739,0,,3,150,1,120,2018-2,989,0.101,1.011,0,0,1.82,2.427,1.314,3.236,0.101,0.506,0.607,2.224,0.91,0.607,0,1.416,0,2.022,0.303,0.91,1.517,2.326,1.719,0,0,0,0.607,0.303,0,1.618,4.044,0.303,0,1.011,0,2.224,4.449,0.809,0,2.224,3.741,5.662,0.809,0.809,0,30.738,0,5.865,0.809,0.404,0.809,3.236,0,1.719,0.404,0.809,1.517,0,0,0,0,0,0,0,0,0,0,0,0,0,0,0,0,0,0,0,0,0,0,0,0,0,0,0,0,0,0,0,0,0,0,0,0,0,0,0,0,0,0,0,0,0,0,0,0,0,0,0,0,0,0,,,,,,,,,,,,,,,,,,,,,,,,,,,,,,,,,31.951,2.022,2.528,2.224,3.741,2018b,H9SRD9
06-09-89,198909,22110,GL,GL,10,220,1,1991,0.774,,4.074,0,,6,150,1,10,,912,4.2,0.4,0.4,0.6,0,4.1,1.8,6.1,0.7,0,0.1,3.3,4.9,0,0.3,1.1,0,2.7,0,10.9,0,0.6,1,0.3,0,0,0,0.6,0,0.2,4.2,2.7,0.2,0.2,0,4,8.7,3.4,6.1,6.8,0.2,2.2,0,0.1,0,0,0,1.9,1.2,0,0,2.7,0,1.7,0.7,4.3,4.6,0,0,0,0,0,0,0,0,0,0,0,0,0,0,0,0,0,0,0,0,0,0,0,0,0,0,0,0,0,0,0,0,0,0,0,0,0,0,0,0,0,0,0,0,0,0,0,0,0,0,0,0,0,0,,,,,,,,,,,,,,,,,,,,,,,,,,,,,,,,,-15,4,0.2,12.9,6.3,2018b,FTXD4I
06-09-89,198909,22320,Partij van de Arbeid (P.v.d.A),PvdA,30,220,1,1991,0.774,,31.881,0,,49,150,1,10,,1130,3.2,0.8,0.5,0.1,0.4,4.5,1.4,10.7,2.3,0,0,2.3,1.2,0.1,0.1,3.5,0,7.5,0,1.9,0,1.1,0.5,0,0.6,0,0.5,1.8,0,1,5.8,1.6,0,0.4,0,2,10,3.4,5.7,5,0,3.3,0,0.2,0,0,0,3.5,0.8,0.4,0,3.5,0,0.7,1.3,3.3,3,0,0,0,0,0,0,0,0,0,0,0,0,0,0,0,0,0,0,0,0,0,0,0,0,0,0,0,0,0,0,0,0,0,0,0,0,0,0,0,0,0,0,0,0,0,0,0,0,0,0,0,0,0,0,,,,,,,,,,,,,,,,,,,,,,,,,,,,,,,,,-20.6,2.1,0.4,10.7,6.4,2018b,CYN2LU
06-09-89,198909,22330,Democraten 66 (D66),Dâ€™66,40,220,1,1991,0.774,,7.887,0,,12,150,1,10,,1649,4.4,1.3,0.6,0.5,1.2,2.6,1,4.4,2.4,0,0,3.4,2.2,0,0.3,4.2,0,7.6,0,1.3,0.2,1.1,0.6,0,0.4,0,0.4,0.3,0,0.9,6.6,2.1,0,0.6,0,4.1,14.4,4.1,4,3.7,0.2,3.9,0,0.2,0,0,0.2,5.3,0.1,0.1,0,0.5,0,1.6,1.1,3.2,3,0,0,0,0,0,0,0,0,0,0,0,0,0,0,0,0,0,0,0,0,0,0,0,0,0,0,0,0,0,0,0,0,0,0,0,0,0,0,0,0,0,0,0,0,0,0,0,0,0,0,0,0,0,0,,,,,,,,,,,,,,,,,,,,,,,,,,,,,,,,,-7.5,2.7,0.8,7.7,4.2,2018b,CNA72W
06-09-89,198909,22420,VVD,VVD,40,220,1,1991,0.774,,14.566,0,,22,150,1,10,,1338,4,0.3,0.2,0.3,1.5,0.5,0.5,3.7,4.6,0,0,3.6,0.3,0.7,0,2.8,0.1,8,0,1.4,1.9,2.2,0.8,0,0,0,0.2,0.8,0,2,6.1,1.8,0.1,6,0,0.7,9.6,3.8,3.1,6.3,0.2,4.2,0.1,0.1,0,0,0,5.9,0.4,0,0,1.1,0,2.2,1.4,3.7,3.4,0,0,0,0,0,0,0,0,0,0,0,0,0,0,0,0,0,0,0,0,0,0,0,0,0,0,0,0,0,0,0,0,0,0,0,0,0,0,0,0,0,0,0,0,0,0,0,0,0,0,0,0,0,0,,,,,,,,,,,,,,,,,,,,,,,,,,,,,,,,,4.5,2.6,7.9,9.4,1.2,2018b,LURP39
06-09-89,198909,22521,CDA,CDA,50,220,1,1991,0.774,,35.313,0,,54,150,1,10,,2096,2.7,0.3,0.4,0.3,0.8,0.9,0.7,5.6,4,0,0.1,1.8,2.9,0.2,0,4.6,0.1,9.5,0,1,0.3,1.3,0.5,0,1,0,0.1,0.8,0,1.5,5.5,1.5,0,2.1,0,0.9,12.2,3,3,4.9,0.2,5.1,0.1,0.2,0,2.4,0,3.8,0.6,1.8,0,1.2,0,2.8,0.4,3.6,3.6,0,0,0,0,0,0,0,0,0,0,0,0,0,0,0,0,0,0,0,0,0,0,0,0,0,0,0,0,0,0,0,0,0,0,0,0,0,0,0,0,0,0,0,0,0,0,0,0,0,0,0,0,0,0,,,,,,,,,,,,,,,,,,,,,,,,,,,,,,,,,-8.8,2,2.4,7.9,2,2018b,2WRJ51
06-09-89,198909,22527,Gereformeerd Politiek Verbond (GPV),GPV,50,326,4,2016,0.94,0.471,1.236,0,,2,150,1,111,2018-2,1119,0,0.983,0,0.089,1.698,1.072,0.715,3.843,0.179,0,1.519,4.2,0.894,1.251,0.536,2.413,1.609,5.451,0,3.396,0.626,0.447,0.357,0,0,0.268,0.268,0.357,0,0.089,3.396,0.179,0,1.34,0,2.502,9.115,2.055,4.736,3.753,2.413,4.021,0.357,1.162,0,23.235,0,4.021,1.877,0.089,0.447,2.055,0,0.447,0,0,0.536,0,0,0,0,0,0,0,0,0,0,0,0,0,0,0,0,0,0,0,0,0,0,0,0,0,0,0,0,0,0,0,0,0,0,0,0,0,0,0,0,0,0,0,0,0,0,0,0,0,0,0,0,0,0,,,,,,,,,,,,,,,,,,,,,,,,,,,,,,,,,28.686,0.536,1.966,8.49,1.787,2018b,VSGDOJ
06-09-89,198909,22528,Reformatorische Politieke Federatie (RPF),RPF,50,326,4,2016,0.94,0.471,0.961,0,,1,150,1,111,2018-2,2083,0.048,0.384,0,0.192,2.016,1.008,0.912,3.697,0.912,0.48,0.96,3.265,0.48,0.288,0.384,1.248,0.576,7.105,0,0.672,0.768,1.344,1.968,0.144,0,0,0.624,0.288,0,0.624,4.081,0,0.096,1.728,0,1.68,16.227,1.392,5.281,2.496,3.601,4.801,0.24,0.816,0,15.17,0.096,4.945,1.056,0.144,0.624,2.688,0.144,1.68,0.192,0.144,0.288,0,0,0,0,0,0,0,0,0,0,0,0,0,0,0,0,0,0,0,0,0,0,0,0,0,0,0,0,0,0,0,0,0,0,0,0,0,0,0,0,0,0,0,0,0,0,0,0,0,0,0,0,0,0,,,,,,,,,,,,,,,,,,,,,,,,,,,,,,,,,17.811,2.112,2.496,7.777,1.92,2018b,UYRXPM
06-09-89,198909,22711,Centrumdemocraten,,70,326,4,2016,0.94,0.471,0.918,0,,1,150,1,111,2018-2,289,0.346,0,0,0.692,1.73,0,0,2.768,0,2.768,0,0,1.73,0,3.806,0,2.076,2.076,0,4.152,1.384,0,1.384,0,0,0,0,0.692,0,0,6.92,3.46,0.346,0,0,0,7.612,0,0,7.266,1.038,5.536,4.498,11.073,0,0.346,0,6.228,1.73,0,15.917,1.384,0,0.346,0.692,0,0,0,0,0,0,0,0,0,0,0,0,0,0,0,0,0,0,0,0,0,0,0,0,0,0,0,0,0,0,0,0,0,0,0,0,0,0,0,0,0,0,0,0,0,0,0,0,0,0,0,0,0,0,0,0,,,,,,,,,,,,,,,,,,,,,,,,,,,,,,,,,3.114,4.844,1.384,7.266,0,2018b,8CR5H4
06-09-89,198909,22952,Staatskundig Gereformeerde Partij (SGP),SGP,95,326,4,2016,0.94,0.471,1.873,0,,3,150,1,111,2018-2,1843,0.054,0.488,0,0.054,1.411,0.488,1.682,3.69,0.054,0,1.628,2.008,0.597,0.326,0.163,1.248,1.139,3.093,0.109,1.519,1.411,0.868,1.031,0.054,0,0.054,0.434,0.38,0,0.271,5.534,0,0,1.899,0,2.225,11.666,0.597,3.039,1.736,3.31,4.449,0.217,0.814,0,30.277,0,4.666,0.217,0.163,0.651,1.302,0,2.876,0.109,0,0,0,0,0,0,0,0,0,0,0,0,0,0,0,0,0,0,0,0,0,0,0,0,0,0,0,0,0,0,0,0,0,0,0,0,0,0,0,0,0,0,0,0,0,0,0,0,0,0,0,0,0,0,0,0,,,,,,,,,,,,,,,,,,,,,,,,,,,,,,,,,34.021,1.085,3.31,4.775,2.17,2018b,3FD5LZ
03-05-94,199405,22110,GL,GL,10,251,1,1995,0.806,,3.467,0,,5,150,1,10,,2116,1.512,0.047,0,0,0.662,1.181,0.992,6.427,4.584,0.189,2.363,1.323,8.129,0.095,0,1.229,0.095,2.93,0.047,8.696,0.331,0,1.371,0,0.047,0.047,0.284,6.758,0.189,0.331,3.166,0,0,0.047,0,5.529,7.798,1.512,2.883,4.442,0.662,2.883,0,0.189,2.079,0,2.363,1.512,1.56,0.284,0.473,5.577,0,0.473,0,4.206,2.505,0,0,0,0,0,0,0,0,0,0,0,0,0,0,0,0,0,0,0,0,0,0,0,0,0,0,0,0,0,0,0,0,0,0,0,0,0,0,0,0,0,0,0,0,0,0,0,0,0,0,0,0,0,0,,,,,,,,,,,,,,,,,,,,,,,,,,,,,,,,,-15.69,1.371,0.378,7.325,2.174,2018b,GUZHOP
03-05-94,199405,22220,SP (Socialistische Partij),SP,20,326,4,2017,0.805,0.705,1.322,0,,2,150,1,120,2018-2,570,0,0.351,0,0,0,1.053,0.702,3.684,0,2.105,1.93,3.333,3.158,0,0,0.175,0.526,2.105,0,5.439,0,0,5.965,4.386,0,0,0,0.351,0,0.351,2.632,1.754,0.877,0.702,0,1.228,7.719,0,17.544,6.667,0,3.158,0,1.754,0.175,1.579,0,3.684,2.632,0,4.561,7.018,0,0.351,0.175,0,0.175,0,0,0,0,0,0,0,0,0,0,0,0,0,0,0,0,0,0,0,0,0,0,0,0,0,0,0,0,0,0,0,0,0,0,0,0,0,0,0,0,0,0,0,0,0,0,0,0,0,0,0,0,0,0,,,,,,,,,,,,,,,,,,,,,,,,,,,,,,,,,-19.298,12.105,0.702,24.211,1.754,2018b,9DU27D
03-05-94,199405,22320,Partij van de Arbeid (P.v.d.A),PvdA,30,251,1,1995,0.806,,23.973,0,,37,150,1,10,,2278,14.004,0,0,0,1.01,0.439,0.702,5.751,2.414,0.395,0.966,1.185,4.434,0,0,1.405,0.132,3.995,0.176,7.638,0.702,1.273,0.176,0,0.878,0,0.483,7.858,0.395,1.01,3.687,0,0,0.79,0,1.097,7.287,1.668,3.117,2.063,1.229,2.546,0,1.8,2.063,0.132,0.439,5.312,2.458,0.176,0.044,3.644,0,0.132,0.044,1.493,1.361,0,0,0,0,0,0,0,0,0,0,0,0,0,0,0,0,0,0,0,0,0,0,0,0,0,0,0,0,0,0,0,0,0,0,0,0,0,0,0,0,0,0,0,0,0,0,0,0,0,0,0,0,0,0,,,,,,,,,,,,,,,,,,,,,,,,,,,,,,,,,4.258,0.176,1.493,5.18,1.141,2018b,HOVQ3Z
03-05-94,199405,22330,Democraten 66 (D66),Dâ€™66,40,251,1,1995,0.806,,15.49,0,,24,150,1,10,,2318,11.303,0.733,0,0,1.682,0.259,1.035,6.601,1.855,0,0.259,0.82,4.875,0.086,0.173,2.286,0.345,7.463,0,2.416,3.149,1.165,5.091,0,0.475,0.043,0.431,3.106,0.561,0.129,1.726,0,0,0.475,0,5.263,9.318,1.898,3.192,1.208,1.424,4.487,0.561,0.345,0.043,0.043,0.129,3.494,2.114,0.388,0.259,2.286,0,0.173,0,2.718,2.114,0,0,0,0,0,0,0,0,0,0,0,0,0,0,0,0,0,0,0,0,0,0,0,0,0,0,0,0,0,0,0,0,0,0,0,0,0,0,0,0,0,0,0,0,0,0,0,0,0,0,0,0,0,0,,,,,,,,,,,,,,,,,,,,,,,,,,,,,,,,,-8.24,5.091,3.624,4.4,1.294,2018b,TPRDE3
03-05-94,199405,22420,VVD,VVD,40,251,1,1995,0.806,,19.956,0,,31,150,1,10,,549,1.457,0,0,0,2.368,0.364,0.546,4.372,1.821,0,0.729,0.729,3.461,0,0,1.639,1.275,10.929,0.182,12.75,4.007,2.914,0.364,0,0.182,0,0.911,4.918,0,0.546,5.464,0,0,1.821,0,0.546,3.279,0.546,0.911,2.186,3.279,4.554,1.639,0.182,0.729,0,0.729,5.647,1.457,0,1.275,5.1,0,2.004,0,1.457,0.729,0,0,0,0,0,0,0,0,0,0,0,0,0,0,0,0,0,0,0,0,0,0,0,0,0,0,0,0,0,0,0,0,0,0,0,0,0,0,0,0,0,0,0,0,0,0,0,0,0,0,0,0,0,0,,,,,,,,,,,,,,,,,,,,,,,,,,,,,,,,,15.118,0.364,5.829,3.097,0.911,2018b,AWVJ9V
03-05-94,199405,22521,CDA,CDA,50,251,1,1995,0.806,,22.217,0,,34,150,1,10,,2005,9.377,0.698,0,0,0.399,0.549,1.197,7.531,5.287,0.299,0.15,1.397,1.247,0,0,2.294,0.05,8.229,0.05,2.095,2.444,1.696,4.688,0,1.097,0,0.1,1.646,0,0.2,4.14,0,0,0.748,0,2.095,8.728,0.798,2.544,0.249,1.047,4.09,0.399,0.05,0,1.995,0.399,4.638,3.292,2.793,0.249,2.943,0,1.646,0.05,2.145,2.244,0,0,0,0,0,0,0,0,0,0,0,0,0,0,0,0,0,0,0,0,0,0,0,0,0,0,0,0,0,0,0,0,0,0,0,0,0,0,0,0,0,0,0,0,0,0,0,0,0,0,0,0,0,0,,,,,,,,,,,,,,,,,,,,,,,,,,,,,,,,,-2.594,4.688,3.192,2.793,1.746,2018b,XLWVZA
03-05-94,199405,22527,Gereformeerd Politiek Verbond (GPV),GPV,50,326,4,2016,0.94,0.471,1.3,0,,2,150,1,110,2018-2,1306,0,0.842,0.306,0,2.297,0.613,1.149,3.139,0.766,0,1.149,2.757,1.302,1.685,0.23,3.675,1.838,3.752,0,2.221,0.613,0.842,0.077,0,0.536,0.153,0.459,1.072,0,1.608,3.982,0.23,0,1.455,0,1.149,9.188,2.144,3.292,4.977,2.833,4.288,0,1.991,0,21.286,0.459,3.446,0.766,0,0.459,2.297,0.306,1.531,0,0,0.842,0,0,0,0,0,0,0,0,0,0,0,0,0,0,0,0,0,0,0,0,0,0,0,0,0,0,0,0,0,0,0,0,0,0,0,0,0,0,0,0,0,0,0,0,0,0,0,0,0,0,0,0,0,0,,,,,,,,,,,,,,,,,,,,,,,,,,,,,,,,,24.426,0.306,2.067,8.27,2.067,2018b,EYKBPH
03-05-94,199405,22528,Reformatorische Politieke Federatie (RPF),RPF,50,326,4,2016,0.94,0.471,1.8,0,,3,150,1,110,2018-2,2041,0,1.323,0,0,1.666,0.882,0.735,4.9,0.784,0,1.96,2.009,0.49,0.392,0.441,1.127,0.931,4.655,0.049,2.499,0.98,0.343,0.245,0,0.245,0.098,0.441,0.441,0,0,3.332,0.294,0.049,1.176,0,6.467,15.14,2.058,4.851,1.372,7.349,2.597,0.637,2.303,0,14.601,0,4.606,0.392,0.245,0.343,2.205,0,2.107,0,0,0.245,0,0,0,0,0,0,0,0,0,0,0,0,0,0,0,0,0,0,0,0,0,0,0,0,0,0,0,0,0,0,0,0,0,0,0,0,0,0,0,0,0,0,0,0,0,0,0,0,0,0,0,0,0,0,,,,,,,,,,,,,,,,,,,,,,,,,,,,,,,,,24.89,0.539,2.156,6.222,1.617,2018b,U6889R
03-05-94,199405,22711,Centrumdemocraten,,70,326,4,2016,0.94,0.471,2.5,0,,3,150,1,110,2018-2,388,1.031,0,0,0.515,2.062,0,0,2.32,0,3.608,0,0.515,1.289,0.258,4.897,0,1.546,1.804,0,3.866,1.804,0,1.289,0,0,0,0,0.515,0,0.258,6.443,3.093,0.258,0,0,0,7.216,0.773,0.258,6.701,0.773,3.608,2.835,12.113,0,1.546,0,8.247,1.546,0,14.948,1.031,0,0.258,0.515,0,0.258,0,0,0,0,0,0,0,0,0,0,0,0,0,0,0,0,0,0,0,0,0,0,0,0,0,0,0,0,0,0,0,0,0,0,0,0,0,0,0,0,0,0,0,0,0,0,0,0,0,0,0,0,0,0,,,,,,,,,,,,,,,,,,,,,,,,,,,,,,,,,12.629,4.381,1.804,6.959,0,2018b,J5U6H7
03-05-94,199405,22952,Staatskundig Gereformeerde Partij (SGP),SGP,95,326,4,2016,0.94,0.471,1.729,0,,2,150,1,110,2018-2,955,0.105,0.314,0,0.105,1.885,0.942,0.105,4.712,0.314,0.105,2.408,0.524,1.361,1.152,0.314,4.607,0.419,2.932,0.314,2.408,0.733,0.942,0.733,0.314,0.105,1.047,0.314,0.105,0,0.314,3.455,0.209,0,0.942,0,2.513,7.853,0.524,5.759,3.979,1.675,3.037,0,2.723,0,24.921,0,6.283,2.199,0,0.838,1.361,0,1.466,0,0.314,0.314,0,0,0,0,0,0,0,0,0,0,0,0,0,0,0,0,0,0,0,0,0,0,0,0,0,0,0,0,0,0,0,0,0,0,0,0,0,0,0,0,0,0,0,0,0,0,0,0,0,0,0,0,0,0,,,,,,,,,,,,,,,,,,,,,,,,,,,,,,,,,28.796,1.257,1.675,9.738,1.047,2018b,PKERN6
03-05-94,199405,22954,Algemeen Ouderen Verbond (AOV),AOV,95,326,4,2016,0.94,0.471,3.6,0,,6,150,1,110,2018-2,940,0.106,0,0,0,1.064,0,0,1.489,0.319,0,0.213,0.532,0.851,0.213,0,0.319,1.17,7.553,0,4.362,5.426,2.553,0.745,1.383,0.426,1.17,0.851,1.489,0,5.426,8.723,0.532,0,3.511,0,1.596,4.894,1.064,7.553,11.064,2.34,2.128,0.638,1.064,0,0.106,0,3.511,1.064,0.532,0.957,6.383,0.319,1.915,0,0,2.447,0,0,0,0,0,0,0,0,0,0,0,0,0,0,0,0,0,0,0,0,0,0,0,0,0,0,0,0,0,0,0,0,0,0,0,0,0,0,0,0,0,0,0,0,0,0,0,0,0,0,0,0,0,0,,,,,,,,,,,,,,,,,,,,,,,,,,,,,,,,,0.851,2.66,8.936,18.617,0,2018b,V4G7GV
03-05-94,199405,22955,Ouderen Unie 55+,Unie 55+,95,326,4,2016,0.94,0.471,0.9,0,,1,150,1,110,2018-2,229,0,0,0,0,2.183,0,0,4.803,0,0,0,0.437,1.747,0,0,0,0.873,2.62,0,8.734,1.31,3.057,0.873,0.437,0,0,0,0.873,0.873,1.31,2.183,0,0,1.747,0,0.873,2.62,0,8.734,16.594,0.437,4.803,0,1.747,0,0,0,13.974,1.747,0.437,4.803,0.873,0,0,0,0,8.297,0,0,0,0,0,0,0,0,0,0,0,0,0,0,0,0,0,0,0,0,0,0,0,0,0,0,0,0,0,0,0,0,0,0,0,0,0,0,0,0,0,0,0,0,0,0,0,0,0,0,0,0,0,0,,,,,,,,,,,,,,,,,,,,,,,,,,,,,,,,,5.24,1.31,3.057,25.328,0,2018b,6YJUD2
06-05-98,199805,22110,GL,GL,10,114,999,1998,,,7.27,0,,11,150,1,10,,1387,4.542,0,0,0,0,1.009,1.154,5.479,2.019,0.072,0.216,4.614,5.624,0.937,0,1.442,0,3.461,0.072,0.721,0.072,0,2.307,0.144,0,0,0,0.288,0,0,1.37,0,0,0,0,13.915,10.31,1.875,13.266,8.58,0.072,2.668,0.072,0.072,0,0.36,0.649,0.721,1.37,2.812,0,4.758,0,0,0.072,1.081,1.802,0,0,0,0,0,0,0,0,0,0,0,0,0,0,0,0,0,0,0,0,0,0,0,0,0,0,0,0,0,0,0,0,0,0,0,0,0,0,0,0,0,0,0,0,0,0,0,0,0,0,0,0,0,0,,,,,,,,,,,,,,,,,,,,,,,,,,,,,,,,,-22.783,2.451,0.072,21.846,2.163,2018b,YPAR3M
06-05-98,199805,22220,SP (Socialistische Partij),SP,20,998,998,,,,3.528,0,,5,150,3,20,,1810,7.514,0.387,0,0,0.166,1.271,0.442,2.32,0.497,0.608,0.608,1.547,3.536,0,0,1.05,0.055,1.934,0.497,2.155,0.166,1.934,4.751,0,0,0.276,0,0.276,0,0,6.685,0,0,0.552,0,1.271,9.337,4.972,3.204,9.669,0.166,6.022,0,0.055,0.608,0.331,0.663,5.746,1.823,0.055,0,4.53,0,0.884,0.166,4.972,6.298,0,0,0,0,0,0,0,0,0,0,0,0,0,0,0,0,0,0,0,0,0,0,0,0,0,0,0,0,0,0,0,0,0,0,0,0,0,0,0,0,0,0,0,0,0,0,0,0,0,0,0,0,0,0,,,,,,,,,,,,,,,,,,,,,,,,,,,,,,,,,-18.177,4.751,0.718,12.873,1.713,2018b,D33XD7
06-05-98,199805,22320,Partij van de Arbeid (P.v.d.A),PvdA,30,114,999,1998,,,28.98,0,,45,150,1,10,,2030,1.823,0.148,0,0,0.099,0.099,0.64,4.483,2.66,0,0,1.379,3.645,0.099,0,1.626,0.394,4.089,0.049,0.739,0.148,0.985,4.039,0,0.197,0,0.099,2.463,0,1.379,10.049,0,0,0.345,0,0.887,9.36,3.941,6.847,10.148,1.527,6.158,0.246,0.296,0,0.345,0.443,5.172,1.034,0.64,0.345,5.123,0,0.148,0,2.02,3.645,0,0,0,0,0,0,0,0,0,0,0,0,0,0,0,0,0,0,0,0,0,0,0,0,0,0,0,0,0,0,0,0,0,0,0,0,0,0,0,0,0,0,0,0,0,0,0,0,0,0,0,0,0,0,,,,,,,,,,,,,,,,,,,,,,,,,,,,,,,,,-22.069,4.039,0.493,16.995,0.739,2018b,TI9KJW
06-05-98,199805,22330,Democraten 66 (D66),Dâ€™66,40,114,999,1998,,,8.99,0,,14,150,1,10,,2516,4.253,0.159,0,0,0.358,0.199,0.636,4.968,2.345,0,0,2.385,5.286,1.153,0,2.186,0.278,2.623,0.477,0.199,0.914,0.874,5.525,0,0.04,0,0.517,1.351,0,1.033,6.836,0,0,0.636,0,2.862,8.227,6.439,2.703,6.081,1.55,6.876,0.318,0.358,0,0.318,0.517,4.769,0.954,1.868,0.079,3.18,0,0.596,0.079,2.544,4.452,0,0,0,0,0,0,0,0,0,0,0,0,0,0,0,0,0,0,0,0,0,0,0,0,0,0,0,0,0,0,0,0,0,0,0,0,0,0,0,0,0,0,0,0,0,0,0,0,0,0,0,0,0,0,,,,,,,,,,,,,,,,,,,,,,,,,,,,,,,,,-17.766,5.525,1.55,8.784,0.835,2018b,YBLLOE
06-05-98,199805,22420,VVD,VVD,40,114,999,1998,,,24.69,0,,38,150,1,10,,939,1.704,0.426,0,0,0.958,0,0,1.278,3.408,0.106,0.958,2.982,2.13,0.639,0,1.917,0,6.177,0.213,1.597,0.958,5.005,3.621,0,0,0.106,0.426,2.875,0,2.343,11.928,0,0,1.81,0,0,4.792,3.301,1.491,3.301,2.556,6.39,0,0.958,0,0,0.426,8.52,0.319,0.426,1.384,2.662,0,2.449,1.171,0.639,5.644,0,0,0,0,0,0,0,0,0,0,0,0,0,0,0,0,0,0,0,0,0,0,0,0,0,0,0,0,0,0,0,0,0,0,0,0,0,0,0,0,0,0,0,0,0,0,0,0,0,0,0,0,0,0,,,,,,,,,,,,,,,,,,,,,,,,,,,,,,,,,7.242,3.621,2.769,4.792,0,2018b,XIIGAA
06-05-98,199805,22521,CDA,CDA,50,114,999,1998,,,18.37,0,,29,150,1,10,,2028,3.6,0.592,0,0,0.542,0.197,0.394,4.586,2.663,0,0,2.465,3.057,1.036,0.049,1.036,0.197,3.994,0.394,0.345,0.296,1.036,3.205,0,0.838,0,0.099,0.641,0,0.197,4.98,0,0,0.542,0,2.071,6.854,2.761,3.797,9.32,0.69,4.29,0.296,0.641,0,5.128,0,6.657,6.361,2.219,0.74,2.416,0.049,1.726,0.345,2.17,4.487,0,0,0,0,0,0,0,0,0,0,0,0,0,0,0,0,0,0,0,0,0,0,0,0,0,0,0,0,0,0,0,0,0,0,0,0,0,0,0,0,0,0,0,0,0,0,0,0,0,0,0,0,0,0,,,,,,,,,,,,,,,,,,,,,,,,,,,,,,,,,-1.627,3.205,0.838,13.116,0.592,2018b,48X75A
06-05-98,199805,22527,Gereformeerd Politiek Verbond (GPV),GPV,50,327,4,2016,0.901,0.527,1.2,0,,2,150,1,110,2018-2,1036,0.193,0.483,0,0,0.869,0,0.097,1.931,1.158,0.097,1.351,3.378,1.737,0.772,0.29,0.772,0,4.826,0.483,0.772,2.124,0.676,0.386,0.097,0,0,0.193,0,0,1.351,2.896,1.737,0.29,1.351,0,3.378,11.873,1.641,6.757,7.239,0.29,5.309,0,0.772,0.965,14.093,1.062,5.598,3.185,0,0.483,1.448,0,2.22,0,1.351,2.027,0,0,0,0,0,0,0,0,0,0,0,0,0,0,0,0,0,0,0,0,0,0,0,0,0,0,0,0,0,0,0,0,0,0,0,0,0,0,0,0,0,0,0,0,0,0,0,0,0,0,0,0,0,0,,,,,,,,,,,,,,,,,,,,,,,,,,,,,,,,,13.803,2.22,3.475,13.996,0.097,2018b,45HQZ8
06-05-98,199805,22528,Reformatorische Politieke Federatie (RPF),RPF,50,327,4,2016,0.901,0.527,2.028,0,,3,150,1,120,2018-2,1492,0,0.469,0.067,0,1.34,0.067,0.536,4.491,0.201,0.804,3.016,2.346,0.536,0.67,0,1.273,0.871,4.424,0.268,3.418,0.67,1.609,0.603,0.268,0.067,0.536,0.201,0.268,0.067,0.067,2.011,3.217,0.536,0.737,0.268,2.748,8.244,1.877,1.408,6.903,1.34,3.418,0,2.212,0,20.777,0,6.568,3.887,0,0.201,0.067,0.067,3.753,0.067,0.335,0.201,0,0,0,0,0,0,0,0,0,0,0,0,0,0,0,0,0,0,0,0,0,0,0,0,0,0,0,0,0,0,0,0,0,0,0,0,0,0,0,0,0,0,0,0,0,0,0,0,0,0,0,0,0,0,,,,,,,,,,,,,,,,,,,,,,,,,,,,,,,,,24.598,4.088,1.408,8.311,0.67,2018b,32ZR6G
06-05-98,199805,22952,Staatskundig Gereformeerde Partij (SGP),SGP,95,327,4,2016,0.901,0.527,1.781,0,,3,150,1,110,2018-2,1235,0.81,0.162,0.162,0,1.538,0.081,0.648,3.077,0.081,0.405,1.781,2.348,0.405,1.215,0,1.377,0,1.619,0.486,0,1.7,0.648,0.486,0,0,0,0.162,0.081,0,0.729,3.644,0.243,2.105,0.405,0,6.316,8.664,1.296,3.158,3.968,0.486,5.668,0,1.134,0.162,25.263,0.081,6.397,3.239,0.081,0.891,1.296,0,3.725,0,0.891,0.891,0,0,0,0,0,0,0,0,0,0,0,0,0,0,0,0,0,0,0,0,0,0,0,0,0,0,0,0,0,0,0,0,0,0,0,0,0,0,0,0,0,0,0,0,0,0,0,0,0,0,0,0,0,0,,,,,,,,,,,,,,,,,,,,,,,,,,,,,,,,,26.559,0.729,2.105,7.126,0.891,2018b,UFK8EX
15-05-02,200205,22110,GL,GL,10,114,999,2003,,,6.95,0,,10,150,1,20,,3032,18.272,0.363,0.033,0.132,0.363,0.989,1.187,3.892,2.672,0,0.033,3.199,3.991,0.165,0,0.956,0.033,3.892,0.198,3.364,0.462,1.979,3.1,0,0,0.033,0.396,0.099,0,0,4.848,0,0,1.22,0,0.726,10.455,2.573,2.012,5.607,0.297,4.123,0,0,0.099,0.297,0.297,3.496,2.078,0.396,0,3.397,0,0.923,0.132,5.211,2.012,0,0,0,0,0,0,0,0,0,0,0,0,0,0,0,0,0,0,0,0,0,0,0,0,0,0,0,0,0,0,0,0,0,0,0,0,0,0,0,0,0,0,0,0,0,0,0,0,0,0,0,0,0,0,,,,,,,,,,,,,,,,,,,,,,,,,,,,,,,,,-9.136,3.1,1.682,7.619,2.21,2018b,CT5XWF
15-05-02,200205,22220,SP (Socialistische Partij),SP,20,114,999,2003,,,5.9,0,,9,150,1,20,,1810,7.514,0.387,0,0,0.166,1.271,0.442,2.32,0.497,0.608,0.608,1.547,3.536,0,0,1.05,0.055,1.934,0.497,2.155,0.166,1.934,4.751,0,0,0.276,0,0.276,0,0,6.685,0,0,0.552,0,1.271,9.337,4.972,3.204,9.669,0.166,6.022,0,0.055,0.608,0.331,0.663,5.746,1.823,0.055,0,4.53,0,0.884,0.166,4.972,6.298,0,0,0,0,0,0,0,0,0,0,0,0,0,0,0,0,0,0,0,0,0,0,0,0,0,0,0,0,0,0,0,0,0,0,0,0,0,0,0,0,0,0,0,0,0,0,0,0,0,0,0,0,0,0,,,,,,,,,,,,,,,,,,,,,,,,,,,,,,,,,-18.177,4.751,0.718,12.873,1.713,2018b,2L7W8I
15-05-02,200205,22320,Partij van de Arbeid (P.v.d.A),PvdA,30,114,999,2003,,,15.11,0,,23,150,1,20,,2559,15.318,0.508,0,0,0.234,0.195,0.195,3.126,2.345,0,0,3.439,4.455,0.078,0,1.563,0.039,4.064,0.469,2.618,1.133,1.758,3.517,0,0.117,0.039,0.391,1.133,0,0.742,8.128,0,0,0.977,0,0.234,5.08,3.439,2.735,6.956,0.625,5.784,0,0.313,0,0.508,0.078,4.103,2.814,0.586,0.195,2.306,0,2.071,0.547,1.954,3.087,0,0,0,0,0,0,0,0,0,0,0,0,0,0,0,0,0,0,0,0,0,0,0,0,0,0,0,0,0,0,0,0,0,0,0,0,0,0,0,0,0,0,0,0,0,0,0,0,0,0,0,0,0,0,,,,,,,,,,,,,,,,,,,,,,,,,,,,,,,,,-7.581,3.517,2.11,9.691,0.391,2018b,I52Y71
15-05-02,200205,22330,Democraten 66 (D66),Dâ€™66,40,114,999,2003,,,5.1,0,,7,150,1,20,,1189,1.85,0.421,0,0,0.925,0.673,0.589,5.046,3.28,0.084,0,4.878,4.794,0.168,0,2.187,0.252,7.653,0.336,2.355,1.009,1.766,4.542,0,0,0.084,0.589,1.009,0,0.252,7.653,0,0,1.43,0,1.43,7.906,3.028,1.262,5.13,1.262,6.56,0,0.168,0.336,0,1.093,6.056,1.43,0.252,0,3.448,0,1.514,0.925,3.028,1.346,0,0,0,0,0,0,0,0,0,0,0,0,0,0,0,0,0,0,0,0,0,0,0,0,0,0,0,0,0,0,0,0,0,0,0,0,0,0,0,0,0,0,0,0,0,0,0,0,0,0,0,0,0,0,,,,,,,,,,,,,,,,,,,,,,,,,,,,,,,,,-8.831,4.542,2.439,6.392,1.262,2018b,1CWHCT
15-05-02,200205,22420,VVD,VVD,40,114,999,2003,,,15.44,0,,24,150,1,20,,1337,2.842,0.598,0,0,1.122,0.075,0.524,3.141,3.067,0.224,0,7.18,2.319,0.15,0,2.842,0.075,10.621,0.224,4.039,6.283,4.488,3.067,0.075,0,0,1.122,1.795,0,0.823,8.153,0,0,2.019,0,0.15,2.019,2.319,1.346,4.039,1.197,5.46,0,0.449,0,0.224,0.224,8.078,1.945,0.374,0,0.673,0,1.571,0.374,0.898,1.795,0,0,0,0,0,0,0,0,0,0,0,0,0,0,0,0,0,0,0,0,0,0,0,0,0,0,0,0,0,0,0,0,0,0,0,0,0,0,0,0,0,0,0,0,0,0,0,0,0,0,0,0,0,0,,,,,,,,,,,,,,,,,,,,,,,,,,,,,,,,,18.923,3.141,8.302,5.385,0.598,2018b,JOEYA9
15-05-02,200205,22430,LN,LN,40,114,999,2003,,,1.61,0,,2,150,1,20,,217,1.843,0,0,0,0.922,0,0.461,1.382,2.765,1.843,0,3.687,6.912,0,0,0.461,0,10.138,0,10.599,0,2.304,1.382,0,0,0.461,0.461,0,0,0,12.442,0,0,1.843,0,0,3.687,5.069,3.226,2.765,0.922,5.069,0,0,0,0.461,0,8.295,1.843,0.461,0,2.765,0,0.461,0,3.226,1.843,0,0,0,0,0,0,0,0,0,0,0,0,0,0,0,0,0,0,0,0,0,0,0,0,0,0,0,0,0,0,0,0,0,0,0,0,0,0,0,0,0,0,0,0,0,0,0,0,0,0,0,0,0,0,,,,,,,,,,,,,,,,,,,,,,,,,,,,,,,,,10.138,1.382,1.843,5.991,0.461,2018b,CUNFFA
15-05-02,200205,22521,CDA,CDA,50,114,999,2003,,,27.93,0,,43,150,1,20,,1378,7.837,0,0,0.073,0.363,0.073,0.29,2.25,5.443,0,0,1.524,1.089,0.29,0,2.25,0,6.168,0.073,2.83,1.814,2.322,2.25,0,0,0,0.508,1.306,0,0.435,6.749,0,0,1.451,0,0.29,3.628,1.887,1.742,9.289,1.234,8.273,0,0.363,0,3.411,0,8.563,3.338,0.435,0,1.959,0,2.104,0.943,1.597,3.556,0,0,0,0,0,0,0,0,0,0,0,0,0,0,0,0,0,0,0,0,0,0,0,0,0,0,0,0,0,0,0,0,0,0,0,0,0,0,0,0,0,0,0,0,0,0,0,0,0,0,0,0,0,0,,,,,,,,,,,,,,,,,,,,,,,,,,,,,,,,,2.467,2.25,3.266,11.03,0.363,2018b,OZO11M
15-05-02,200205,22526,ChristenUnie,CU,50,114,999,2003,,,2.54,0,,4,150,1,20,,2696,13.131,0.593,0,0,0.89,0.26,0.89,3.079,2.819,0,0,3.932,1.372,0.371,0,1.372,0,1.076,0.408,5.007,0.593,1.521,3.672,0,0.037,0.037,0.074,0.519,0,0.074,5.527,0,0,1.001,0,1.113,6.899,2.263,2.3,6.751,0.26,4.599,0,1.224,0,10.163,0.148,5.156,2.708,0.037,0,1.669,0,1.743,0.111,2.151,2.448,0,0,0,0,0,0,0,0,0,0,0,0,0,0,0,0,0,0,0,0,0,0,0,0,0,0,0,0,0,0,0,0,0,0,0,0,0,0,0,0,0,0,0,0,0,0,0,0,0,0,0,0,0,0,,,,,,,,,,,,,,,,,,,,,,,,,,,,,,,,,10.571,3.672,1.595,9.05,1.15,2018b,J7961H
15-05-02,200205,22720,Lijst Pim Fortuyn,LPF,70,114,999,2003,,,17,0,,26,150,1,20,,127,5.512,0,0,0,1.575,0,0.787,0,0.787,0,0,4.724,2.362,0,0,0.787,0,14.961,0,7.087,0.787,4.724,1.575,0,0,0,0,3.937,0.787,2.362,8.661,0,0,2.362,0,0,0.787,2.362,5.512,7.087,3.15,4.724,0,3.15,0,0,0,3.937,0.787,0,0,0.787,0,0,0.787,3.15,0,0,0,0,0,0,0,0,0,0,0,0,0,0,0,0,0,0,0,0,0,0,0,0,0,0,0,0,0,0,0,0,0,0,0,0,0,0,0,0,0,0,0,0,0,0,0,0,0,0,0,0,0,0,0,,,,,,,,,,,,,,,,,,,,,,,,,,,,,,,,,14.961,1.575,3.15,12.598,0.787,2018b,5CJJUK
15-05-02,200205,22952,Staatskundig Gereformeerde Partij (SGP),SGP,95,327,4,2016,0.901,0.527,1.718,0,,2,150,1,110,2018-2,2116,0.236,0.095,0,0,0.614,0.047,0.803,3.119,0.803,0.425,1.181,3.119,0.473,1.134,0,0.803,0,2.127,0.614,0.331,2.788,0.945,1.323,0.662,0.095,0,0.378,0,0.047,0.236,4.395,0.095,1.229,1.276,0,6.144,7.372,1.371,4.962,3.261,0.331,9.074,0,1.938,0.142,17.108,0,5.435,4.206,0,0.945,1.276,0,5.104,0.047,0.662,1.229,0,0,0,0,0,0,0,0,0,0,0,0,0,0,0,0,0,0,0,0,0,0,0,0,0,0,0,0,0,0,0,0,0,0,0,0,0,0,0,0,0,0,0,0,0,0,0,0,0,0,0,0,0,0,,,,,,,,,,,,,,,,,,,,,,,,,,,,,,,,,18.242,2.079,4.064,8.223,0.851,2018b,UFOLHN
22-01-03,200301,22110,GL,GL,10,114,999,2003,,,5.13,0,,8,150,1,20,,566,12.014,0,0,0,0,0,1.237,2.65,1.237,0,0,2.65,5.83,0,0,0,0,5.477,0.177,23.322,0.177,1.06,0.177,0,0,0,0.177,1.06,0,0,2.473,0,0,0.353,0,0.177,6.537,0.177,6.184,6.184,0,2.473,0,0.53,0,0.53,0,7.42,3.534,0,2.297,1.237,0,0,0,1.943,0.707,0,0,0,0,0,0,0,0,0,0,0,0,0,0,0,0,0,0,0,0,0,0,0,0,0,0,0,0,0,0,0,0,0,0,0,0,0,0,0,0,0,0,0,0,0,0,0,0,0,0,0,0,0,0,,,,,,,,,,,,,,,,,,,,,,,,,,,,,,,,,19.965,0.177,0.53,12.367,1.237,2018b,8LC5DE
22-01-03,200301,22220,SP (Socialistische Partij),SP,20,114,999,2003,,,6.33,0,,9,150,1,20,,2237,6.527,0.313,0,0,0.179,1.118,0.536,2.19,0.536,0.536,0.76,1.341,3.397,0,0,0.894,0.045,2.772,0.76,2.459,0.134,1.743,4.202,0,0,0.268,0,0.313,0,0,7.197,0,0,0.581,0,1.028,8.583,4.783,3.576,10.371,0.134,6.035,0,0.224,0.447,0.358,0.536,6.705,1.296,0.045,0.626,3.979,0,0.849,0.045,5.498,6.08,0,0,0,0,0,0,0,0,0,0,0,0,0,0,0,0,0,0,0,0,0,0,0,0,0,0,0,0,0,0,0,0,0,0,0,0,0,0,0,0,0,0,0,0,0,0,0,0,0,0,0,0,0,0,,,,,,,,,,,,,,,,,,,,,,,,,,,,,,,,,-16.942,4.202,0.715,13.947,1.654,2018b,1M6X7W
22-01-03,200301,22320,Partij van de Arbeid (P.v.d.A),PvdA,30,114,999,2003,,,27.28,0,,42,150,1,20,,399,4.261,0,0,0,0.251,0,0.251,4.01,2.005,0,0,2.506,4.511,0.251,0,1.754,0,4.511,0,3.008,0,3.509,0.501,0,0,0,0.752,4.01,0,0,5.514,0,0,1.504,0,1.003,5.514,2.256,4.261,6.767,0,9.524,0,0.501,0,0,0,9.524,4.511,0,1.754,3.509,0,1.253,0,2.506,4.01,0,0,0,0,0,0,0,0,0,0,0,0,0,0,0,0,0,0,0,0,0,0,0,0,0,0,0,0,0,0,0,0,0,0,0,0,0,0,0,0,0,0,0,0,0,0,0,0,0,0,0,0,0,0,,,,,,,,,,,,,,,,,,,,,,,,,,,,,,,,,-2.757,0.501,1.504,11.028,0.251,2018b,TEA2IV
22-01-03,200301,22330,Democraten 66 (D66),Dâ€™66,40,114,999,2003,,,4.08,0,,6,150,1,20,,417,4.077,0,0,0,0.24,0.48,0.24,1.918,1.679,0,0.719,2.398,4.317,0,0,0.24,0,5.516,0,11.031,0.959,0.959,2.638,0,0,0,0.24,0.719,0,0,6.954,0,0,1.679,0,2.158,3.597,1.918,1.679,3.357,1.439,9.832,0,0,0,0,0.24,13.909,1.199,0,2.398,2.878,0,1.918,0,2.398,4.077,0,0,0,0,0,0,0,0,0,0,0,0,0,0,0,0,0,0,0,0,0,0,0,0,0,0,0,0,0,0,0,0,0,0,0,0,0,0,0,0,0,0,0,0,0,0,0,0,0,0,0,0,0,0,,,,,,,,,,,,,,,,,,,,,,,,,,,,,,,,,8.393,2.638,2.638,5.036,0.719,2018b,36X7RC
22-01-03,200301,22420,VVD,VVD,40,114,999,2003,,,17.95,0,,28,150,1,20,,203,0,0,0,0,0.493,0,0.493,1.97,2.956,0,0,5.911,0.493,0,0,1.478,0,5.419,0,5.419,3.941,4.433,1.478,0,0,0,0.985,7.389,0,0,8.374,0,0,3.448,0,0,1.97,0.493,0.985,6.897,1.478,3.448,0,1.478,0,0,0,16.256,0.985,0,2.956,1.97,0.493,0.985,0.493,0,4.433,0,0,0,0,0,0,0,0,0,0,0,0,0,0,0,0,0,0,0,0,0,0,0,0,0,0,0,0,0,0,0,0,0,0,0,0,0,0,0,0,0,0,0,0,0,0,0,0,0,0,0,0,0,0,,,,,,,,,,,,,,,,,,,,,,,,,,,,,,,,,28.079,1.478,7.389,7.882,0.493,2018b,HP7JGY
22-01-03,200301,22430,LN,LN,40,114,999,2003,,,0,0,,0,150,1,20,,1642,9.622,0.426,0,0,1.583,0.061,0.122,0.853,0.853,0,0.183,1.644,3.106,0.061,0,1.096,0,6.029,0.122,2.192,0.061,2.436,1.218,0,0,0,0,1.279,0,0,6.821,0,0,0.548,0,0.061,3.045,3.959,2.801,12.485,1.096,13.703,0,0,0,1.523,0.061,5.238,1.888,0.183,1.218,0.487,0,1.888,0.122,4.202,5.725,0,0,0,0,0,0,0,0,0,0,0,0,0,0,0,0,0,0,0,0,0,0,0,0,0,0,0,0,0,0,0,0,0,0,0,0,0,0,0,0,0,0,0,0,0,0,0,0,0,0,0,0,0,0,,,,,,,,,,,,,,,,,,,,,,,,,,,,,,,,,-13.764,1.218,0.609,15.286,0.183,2018b,7Z4ISN
22-01-03,200301,22521,CDA,CDA,50,114,999,2003,,,28.65,0,,44,150,9,20,,1378,7.837,0,0,0.073,0.363,0.073,0.29,2.25,5.443,0,0,1.524,1.089,0.29,0,2.25,0,6.168,0.073,2.83,1.814,2.322,2.25,0,0,0,0.508,1.306,0,0.435,6.749,0,0,1.451,0,0.29,3.628,1.887,1.742,9.289,1.234,8.273,0,0.363,0,3.411,0,8.563,3.338,0.435,0,1.959,0,2.104,0.943,1.597,3.556,0,0,0,0,0,0,0,0,0,0,0,0,0,0,0,0,0,0,0,0,0,0,0,0,0,0,0,0,0,0,0,0,0,0,0,0,0,0,0,0,0,0,0,0,0,0,0,0,0,0,0,0,0,0,,,,,,,,,,,,,,,,,,,,,,,,,,,,,,,,,2.467,2.25,3.266,11.03,0.363,2018b,OQKGKT
22-01-03,200301,22526,ChristenUnie,CU,50,114,999,2003,,,2.13,0,,3,150,1,20,,327,11.621,0,0,0,0,0,0.917,2.141,0.306,0,0,3.976,0,0.306,0,0.612,0,1.835,0,9.174,0.612,3.67,0.306,0,0,0,0,2.752,0,0,0.917,0,0,1.529,0,0.612,5.81,0.306,3.67,6.422,0.612,4.281,0,1.529,0,16.208,0,7.951,1.835,0,1.223,0.917,0,2.752,0,5.199,0,0,0,0,0,0,0,0,0,0,0,0,0,0,0,0,0,0,0,0,0,0,0,0,0,0,0,0,0,0,0,0,0,0,0,0,0,0,0,0,0,0,0,0,0,0,0,0,0,0,0,0,0,0,0,,,,,,,,,,,,,,,,,,,,,,,,,,,,,,,,,32.416,0.306,2.141,10.092,0.917,2018b,SDKIN1
22-01-03,200301,22720,Lijst Pim Fortuyn,LPF,70,114,999,2003,,,5.71,0,,8,150,1,20,,1020,1.373,2.549,0,0,3.333,0,0,2.353,2.255,0,1.176,0.882,3.627,0,0,0.098,0,8.431,0.49,4.02,1.471,3.431,0.588,0,0,0,0.294,1.373,0,0,11.275,0,0,0.98,0,0,2.353,3.235,1.373,7.059,1.176,8.824,0,0.686,0,0.196,0.686,10.294,1.078,0,4.02,2.157,0,1.863,0,0.98,4.02,0,0,0,0,0,0,0,0,0,0,0,0,0,0,0,0,0,0,0,0,0,0,0,0,0,0,0,0,0,0,0,0,0,0,0,0,0,0,0,0,0,0,0,0,0,0,0,0,0,0,0,0,0,0,,,,,,,,,,,,,,,,,,,,,,,,,,,,,,,,,3.235,0.588,2.451,8.431,0,2018b,THBY54
22-11-06,200611,22110,GL,GL,10,291,4,2011,0.85,0.682,4.605,0,,7,150,1,60,2018-2,1143,0.437,0,0,0.175,0.525,1.05,0,5.949,2.712,0.175,0.262,4.462,2.712,0.262,0,1.137,0,1.312,1.05,1.225,0.7,0.612,1.662,0,0,0.087,0.262,0.262,0,0.087,2.1,0.262,0,0.35,0,6.562,9.274,2.537,6.649,7.787,0.175,5.249,0,0.612,0,0.175,0.962,3.5,3.675,1.575,1.4,4.024,0,0.437,1.575,10.499,3.5,0,0,0,0,0,0,0,0,0,0,0,0,0,0,0,0,0,0,0,0,0,0,0,0,0,0,0,0,0,0,0,0,0,0,0,0,0,0,0,0,0,0,0,0,0,0,0,0,0,0,0,0,0,0,,,,,,,,,,,,,,,,,,,,,,,,,,,,,,,,,-12.423,1.925,1.05,14.436,1.05,2018b,CZSFNY
22-11-06,200611,22220,SP (Socialistische Partij),SP,20,291,4,2011,0.85,0.682,16.575,0,,25,150,1,60,2018-2,1754,0.57,0,0,0,0.114,1.71,0,3.25,0.456,0.171,2.052,1.653,4.105,0.057,0,2.509,0,1.938,1.767,4.732,0.342,0.513,0.741,0,0.114,0.057,0.057,1.083,0.399,0.057,3.364,0.057,1.14,0.342,0.399,1.938,5.131,4.618,6.442,7.184,0.057,6.613,0,0.684,0,0.627,0.057,5.017,4.162,1.197,0.741,2.452,0,2.052,2.566,8.78,5.929,0,0,0,0,0,0,0,0,0,0,0,0,0,0,0,0,0,0,0,0,0,0,0,0,0,0,0,0,0,0,0,0,0,0,0,0,0,0,0,0,0,0,0,0,0,0,0,0,0,0,0,0,0,0,,,,,,,,,,,,,,,,,,,,,,,,,,,,,,,,,-8.951,0.798,0.684,13.626,1.71,2018b,Y7N3BW
22-11-06,200611,22320,Partij van de Arbeid (P.v.d.A),PvdA,30,291,4,2011,0.85,0.682,21.193,0,,33,150,1,60,2018-2,2268,0.617,0,0,0.088,0.838,0.265,0,4.365,2.469,0,0.97,2.69,2.205,0,0,2.381,0.044,4.85,1.808,1.94,2.381,0.573,1.631,0.309,0.176,0.044,0.132,0.088,0.088,1.367,3.792,0,0.176,0.397,0,2.205,2.734,5.732,7.055,8.069,0.265,4.541,0,0.794,0,1.367,0.176,7.628,5.6,1.411,1.411,2.072,0,0.309,1.764,3.351,6.834,0,0,0,0,0,0,0,0,0,0,0,0,0,0,0,0,0,0,0,0,0,0,0,0,0,0,0,0,0,0,0,0,0,0,0,0,0,0,0,0,0,0,0,0,0,0,0,0,0,0,0,0,0,0,,,,,,,,,,,,,,,,,,,,,,,,,,,,,,,,,0.838,1.94,2.778,15.123,0.265,2018b,53YFP1
22-11-06,200611,22330,Democraten 66 (D66),Dâ€™66,40,291,4,2011,0.85,0.682,1.964,0,,3,150,1,60,2018-2,1508,0.531,0,0,0.133,0.066,0.265,0,4.111,3.979,0,0.332,7.361,4.443,0.066,0,2.918,0.663,6.698,0.928,3.979,4.31,0.133,1.658,0.133,0.066,0.133,0.796,1.658,0,0.729,3.714,0,0.597,0.663,0,5.769,5.57,2.387,4.31,4.841,0.928,6.034,0,0.199,0.398,0.265,2.321,3.382,0.663,0.928,0.531,1.79,0,0,1.061,4.178,3.382,0,0,0,0,0,0,0,0,0,0,0,0,0,0,0,0,0,0,0,0,0,0,0,0,0,0,0,0,0,0,0,0,0,0,0,0,0,0,0,0,0,0,0,0,0,0,0,0,0,0,0,0,0,0,,,,,,,,,,,,,,,,,,,,,,,,,,,,,,,,,-1.326,1.79,4.973,9.151,0.265,2018b,WO856T
22-11-06,200611,22420,VVD,VVD,40,291,4,2011,0.85,0.682,14.67,0,,22,150,1,60,2018-2,543,0,0,0,0,0.921,0,0,1.289,2.21,0,0.184,3.683,2.947,0.368,0,1.105,1.105,5.893,0,3.683,4.604,2.762,0,0,0,0,0.184,1.657,0,2.578,6.814,0,0,0.921,0,1.657,2.762,2.947,2.394,4.972,0.921,5.341,0,2.947,0,0,0.368,12.707,3.867,1.657,1.289,2.21,0,0.368,2.578,2.578,5.525,0,0,0,0,0,0,0,0,0,0,0,0,0,0,0,0,0,0,0,0,0,0,0,0,0,0,0,0,0,0,0,0,0,0,0,0,0,0,0,0,0,0,0,0,0,0,0,0,0,0,0,0,0,0,,,,,,,,,,,,,,,,,,,,,,,,,,,,,,,,,20.81,0,5.525,7.366,0,2018b,2Y1GH5
22-11-06,200611,22521,CDA,CDA,50,291,4,2011,0.85,0.682,26.513,0,,41,150,1,60,2018-2,2225,0.27,0,0,0,0.629,0,0,5.124,2.876,0,0.764,1.213,2.382,0.045,0,2.202,0.135,4.494,0.045,1.303,2.337,0.629,1.213,0,0.135,0,0.27,1.393,0,1.663,6.157,0,0.045,1.573,0,4.404,2.247,2.876,1.843,9.124,1.303,4.854,0,1.933,0,5.438,0.045,5.663,7.416,2.697,1.124,3.011,0,1.483,1.753,4.36,1.528,0,0,0,0,0,0,0,0,0,0,0,0,0,0,0,0,0,0,0,0,0,0,0,0,0,0,0,0,0,0,0,0,0,0,0,0,0,0,0,0,0,0,0,0,0,0,0,0,0,0,0,0,0,0,,,,,,,,,,,,,,,,,,,,,,,,,,,,,,,,,4,1.213,3.91,10.966,0,2018b,QYLIJC
22-11-06,200611,22526,ChristenUnie,CU,50,291,4,2011,0.85,0.682,3.974,0,,6,150,1,60,2018-2,2017,0.645,0.149,0,0,0.843,0.248,0.099,4.908,1.487,0.297,1.686,2.181,1.041,0.496,0,1.239,0,1.438,0.595,1.785,1.14,0.05,1.487,0,0,0.248,0.545,1.884,0,0.645,4.561,0,0.198,0.843,0,5.85,7.933,1.19,2.33,5.602,0.297,4.165,0,0.545,0,9.965,0,4.115,6.098,2.826,0.892,2.082,0,3.223,1.041,6.346,4.76,0,0,0,0,0,0,0,0,0,0,0,0,0,0,0,0,0,0,0,0,0,0,0,0,0,0,0,0,0,0,0,0,0,0,0,0,0,0,0,0,0,0,0,0,0,0,0,0,0,0,0,0,0,0,,,,,,,,,,,,,,,,,,,,,,,,,,,,,,,,,8.825,1.487,1.983,7.933,0.347,2018b,WOBXHX
22-11-06,200611,22722,PVV (Partij voor de Vrijheid),PVV,70,291,4,2011,0.85,0.682,5.89,0,,9,150,1,60,2018-2,137,0,0,0,0,0.73,0.73,0,0,0,0.73,5.839,2.92,3.65,0,0,0,0,3.65,2.92,6.569,4.38,0,0,0,0,0,0,0,0,1.46,2.19,0,0,0,0,0,2.92,0,0,2.92,0.73,2.92,0,8.029,0,4.38,0,19.708,1.46,0.73,15.328,0,0,0,0,0.73,4.38,0,0,0,0,0,0,0,0,0,0,0,0,0,0,0,0,0,0,0,0,0,0,0,0,0,0,0,0,0,0,0,0,0,0,0,0,0,0,0,0,0,0,0,0,0,0,0,0,0,0,0,0,0,0,,,,,,,,,,,,,,,,,,,,,,,,,,,,,,,,,38.686,0,4.38,2.92,0.73,2018b,OOIKAU
22-11-06,200611,22951,Partij voor de Dieren,PvdD,95,291,4,2011,0.85,0.682,1.829,0,,2,150,1,60,2018-2,869,0,0,0,0,0,0.115,0,1.266,0.575,0,0,1.496,1.036,0,0,0.115,0,0.69,0.46,2.071,0.115,0.115,1.381,0,0,0,0,0.115,0,0,1.266,0,0.23,0,0,10.357,62.025,1.151,1.496,1.496,0,0.69,0,0,0,0,0,5.754,1.496,0.23,1.496,0.46,0,0.345,0.345,1.036,0.575,0,0,0,0,0,0,0,0,0,0,0,0,0,0,0,0,0,0,0,0,0,0,0,0,0,0,0,0,0,0,0,0,0,0,0,0,0,0,0,0,0,0,0,0,0,0,0,0,0,0,0,0,0,0,,,,,,,,,,,,,,,,,,,,,,,,,,,,,,,,,4.373,1.381,0.115,2.992,0.115,2018b,2PBJ3O
22-11-06,200611,22952,Staatskundig Gereformeerde Partij (SGP),SGP,95,291,4,2011,0.85,0.682,1.558,0,,2,150,1,60,2018-2,1091,0,0,0,0,2.383,0,0,4.491,0.825,0,0.733,1.925,0.275,0.55,0,2.2,0.092,4.033,0.55,3.116,1.558,0.367,0.092,0,0,0.092,0.092,2.016,0,0.458,3.666,0,0.275,1.192,0,3.666,2.566,0.183,3.85,7.058,1.1,2.658,0,1.375,0,22.365,0,6.599,2.383,2.108,2.75,1.008,0,1.467,1.192,3.758,2.933,0,0,0,0,0,0,0,0,0,0,0,0,0,0,0,0,0,0,0,0,0,0,0,0,0,0,0,0,0,0,0,0,0,0,0,0,0,0,0,0,0,0,0,0,0,0,0,0,0,0,0,0,0,0,,,,,,,,,,,,,,,,,,,,,,,,,,,,,,,,,29.056,0.092,2.75,10.907,0,2018b,68EKFC
09-06-10,201006,22110,GL,GL,10,291,3,2011,0.72,,6.67,0,,10,150,1,51,2018-2,1557,0,0,0,0,0.064,0.45,0,3.404,2.569,0,0,12.653,2.312,0,0,0.771,0.128,4.817,0.064,3.854,1.22,0.257,2.055,1.413,0.257,0.064,0.257,0.963,0,1.285,2.441,0,0,0.835,0,9.313,7.322,0.642,14.836,4.303,0.45,8.606,0,0.385,0,0.963,1.028,2.312,1.734,0.578,1.349,0.771,0,0.963,0.642,0.835,0.835,0,0,0,0,0,0,0,0,0,0,0,0,0,0,0,0,0,0,0,0,0,0,0,0,0,0,0,0,0,0,0,0,0,0,0,0,0,0,0,0,0,0,0,0,0,0,0,0,0,0,0,0,0,0,,,,,,,,,,,,,,,,,,,,,,,,,,,,,,,,,1.606,3.468,2.055,19.139,0.45,2018b,6LF1X7
09-06-10,201006,22220,SP (Socialistische Partij),SP,20,291,3,2011,0.72,,9.83,0,,15,150,1,51,2018-2,970,0.825,0,0,0,0,2.165,0.515,4.021,0.825,0,0.825,3.608,5.464,0,0,2.268,0.103,2.887,0.309,5.979,0,0.515,4.536,0,0,0,0.103,3.711,0,0.722,3.711,0.412,4.124,2.887,0,3.814,4.124,3.402,10.206,7.113,0,4.124,0,0.412,0,0.103,0.103,5.979,0.928,0.412,0.412,1.134,0,0.515,2.371,1.959,2.371,0,0,0,0,0,0,0,0,0,0,0,0,0,0,0,0,0,0,0,0,0,0,0,0,0,0,0,0,0,0,0,0,0,0,0,0,0,0,0,0,0,0,0,0,0,0,0,0,0,0,0,0,0,0,,,,,,,,,,,,,,,,,,,,,,,,,,,,,,,,,-13.093,4.948,2.887,17.32,2.68,2018b,F5IQZL
09-06-10,201006,22320,Partij van de Arbeid (P.v.d.A),PvdA,30,291,3,2011,0.72,,19.63,0,,30,150,1,51,2018-2,1682,2.438,0,0,0,1.13,0.654,0.238,6.124,1.724,0,0,3.389,3.032,0,0,2.021,0.119,5.351,0.238,2.556,1.13,1.13,3.746,0.357,1.011,0,0.416,1.843,0.416,1.724,4.102,0,0.773,1.367,0,4.816,1.962,1.427,11.653,4.637,1.902,6.421,0,0.059,0,1.308,0.297,4.935,7.907,1.546,1.249,0.595,0,0.059,1.13,0.297,0.773,0,0,0,0,0,0,0,0,0,0,0,0,0,0,0,0,0,0,0,0,0,0,0,0,0,0,0,0,0,0,0,0,0,0,0,0,0,0,0,0,0,0,0,0,0,0,0,0,0,0,0,0,0,0,,,,,,,,,,,,,,,,,,,,,,,,,,,,,,,,,0.654,4.102,2.497,16.29,0.892,2018b,NWHYFT
09-06-10,201006,22330,Democraten 66 (D66),Dâ€™66,40,291,3,2012,0.72,,6.943,0,,10,150,1,61,2018-2,2899,0.586,0,0,0,0.276,0.69,0,4.45,3.587,0,0.034,7.623,3.07,0.276,0,1.035,0.379,5.623,1.035,2.484,2.691,0.448,2.139,0,0.138,0,0.276,5.002,0,0.517,4.829,0,0.138,2.932,0,9.555,4.381,4.691,5.554,3.311,1.794,7.071,0,0.034,0,0.552,2.242,3.691,1.69,0.586,0.586,1.035,0,0.31,1.138,0.828,0.69,0,0,0,0,0,0,0,0,0,0,0,0,0,0,0,0,0,0,0,0,0,0,0,0,0,0,0,0,0,0,0,0,0,0,0,0,0,0,0,0,0,0,0,0,0,0,0,0,0,0,0,0,0,0,,,,,,,,,,,,,,,,,,,,,,,,,,,,,,,,,2.863,2.139,5.623,8.865,0.69,2018b,X9UJY6
09-06-10,201006,22420,VVD,VVD,40,291,3,2011,0.72,,20.47,0,,31,150,1,51,2018-2,1522,0.394,0,0,0,2.102,0,0,1.971,1.38,0.526,1.314,5.585,0.788,0,0,0.329,0.329,13.009,0,4.271,6.242,1.511,1.248,2.3,0.131,0,0.131,0.92,0,1.643,3.942,0,0,2.628,0,2.365,1.971,2.037,3.614,3.022,4.928,8.607,0,0.394,0,1.117,0.723,8.87,0.986,0.263,3.876,1.445,0,0.657,0.197,0.591,1.643,0,0,0,0,0,0,0,0,0,0,0,0,0,0,0,0,0,0,0,0,0,0,0,0,0,0,0,0,0,0,0,0,0,0,0,0,0,0,0,0,0,0,0,0,0,0,0,0,0,0,0,0,0,0,,,,,,,,,,,,,,,,,,,,,,,,,,,,,,,,,19.382,3.548,8.87,6.636,0,2018b,8761WY
09-06-10,201006,22521,CDA,CDA,50,291,3,2011,0.72,,13.62,0,,21,150,1,51,2018-2,1931,0.777,0.155,0,0,0.932,0.207,0,4.764,2.9,0,0.155,2.33,1.139,0.259,0,1.657,0.155,8.027,0.259,1.968,2.434,1.088,3.263,0,0.207,0,0.311,5.748,0,0.725,6.473,0,0.052,2.693,0,5.748,3.729,2.745,6.007,3.366,1.45,5.541,0,0.932,0,2.279,0.104,7.302,4.247,2.33,1.605,0.311,0,1.657,0.829,0.155,0.984,0,0,0,0,0,0,0,0,0,0,0,0,0,0,0,0,0,0,0,0,0,0,0,0,0,0,0,0,0,0,0,0,0,0,0,0,0,0,0,0,0,0,0,0,0,0,0,0,0,0,0,0,0,0,,,,,,,,,,,,,,,,,,,,,,,,,,,,,,,,,9.581,3.263,5.127,9.373,0.207,2018b,ANQCZB
09-06-10,201006,22526,ChristenUnie,CU,50,291,3,2012,0.72,,3.248,0,,5,150,1,61,2018-2,2728,0.587,0,0,0,0.44,0.11,0,4.435,1.613,0.257,0.55,3.666,0.733,0.293,0,1.466,0,3.922,0.513,3.189,2.273,0.953,3.006,0,0.037,0,0.257,4.289,0,0.33,6.305,0,0.11,2.236,0,8.688,5.755,1.356,4.435,2.713,1.136,2.236,0,0.77,0,6.928,0.11,5.865,5.499,5.352,1.613,1.283,0,0.66,0.44,2.199,1.393,0,0,0,0,0,0,0,0,0,0,0,0,0,0,0,0,0,0,0,0,0,0,0,0,0,0,0,0,0,0,0,0,0,0,0,0,0,0,0,0,0,0,0,0,0,0,0,0,0,0,0,0,0,0,,,,,,,,,,,,,,,,,,,,,,,,,,,,,,,,,18.878,3.006,4.509,7.148,0.11,2018b,SQ7DPD
09-06-10,201006,22722,PVV (Partij voor de Vrijheid),PVV,70,291,3,2011,0.72,,15.45,0,,24,150,1,51,2018-2,678,1.77,0,0,0,0.147,1.917,0,2.802,0,1.032,5.31,1.327,2.802,0,0,0.295,0.147,3.097,1.032,1.77,4.13,0.442,1.77,0,0,0,0.442,6.49,0,0,1.622,0,0.59,3.54,0,0,4.13,1.18,3.392,4.277,1.18,5.457,0.295,4.13,0,0.59,0.295,15.487,0,0.59,13.569,0.295,0,1.622,0.442,0.147,0.442,0,0,0,0,0,0,0,0,0,0,0,0,0,0,0,0,0,0,0,0,0,0,0,0,0,0,0,0,0,0,0,0,0,0,0,0,0,0,0,0,0,0,0,0,0,0,0,0,0,0,0,0,0,0,,,,,,,,,,,,,,,,,,,,,,,,,,,,,,,,,13.274,1.77,7.67,7.67,1.917,2018b,8HTT6X
09-06-10,201006,22951,Partij voor de Dieren,PvdD,95,291,3,2011,0.72,,1.3,0,,2,150,1,51,2018-2,1354,0,0,0,0,0,0.443,0,2.068,0,0.222,0.074,2.437,0.96,0,0,0.148,0,0.591,0,1.034,0.222,0.148,1.773,0.074,0,0,0,0.222,0,0.074,1.256,0,0.148,1.034,0,12.555,62.112,0.295,3.471,0.517,0.369,1.329,0,0,0,0,0,4.21,0.591,0.517,0.074,0.369,0,0.369,0.222,0,0.074,0,0,0,0,0,0,0,0,0,0,0,0,0,0,0,0,0,0,0,0,0,0,0,0,0,0,0,0,0,0,0,0,0,0,0,0,0,0,0,0,0,0,0,0,0,0,0,0,0,0,0,0,0,0,,,,,,,,,,,,,,,,,,,,,,,,,,,,,,,,,2.363,1.846,1.256,3.988,0.443,2018b,VI8PBJ
09-06-10,201006,22952,Staatskundig Gereformeerde Partij (SGP),SGP,95,291,3,2011,0.72,,1.74,0,,2,150,1,51,2018-2,2055,0.243,0.195,0.049,0,1.509,0,0,5.061,0.779,0.389,1.46,2.822,0.584,0.389,0,1.703,0.049,4.72,0,1.946,1.557,1.071,1.509,0,0.049,0,0,0.195,0,0.097,4.234,0,0,1.752,0,3.65,2.384,0.389,6.326,5.742,1.363,7.397,0,0.341,0.049,22.384,0.049,8.954,0,2.141,2.044,0.681,0,3.066,0.146,0.146,0.389,0,0,0,0,0,0,0,0,0,0,0,0,0,0,0,0,0,0,0,0,0,0,0,0,0,0,0,0,0,0,0,0,0,0,0,0,0,0,0,0,0,0,0,0,0,0,0,0,0,0,0,0,0,0,,,,,,,,,,,,,,,,,,,,,,,,,,,,,,,,,23.114,1.509,3.309,12.068,0.049,2018b,GKJY3M
12-09-12,201209,22110,GL,GL,10,291,4,2015,0.85,0.682,2.333,0,,4,150,1,90,2018-2,1513,0,0,0,0,0.132,0.661,0.132,4.693,3.966,0,0,8.46,3.966,0.264,0,1.058,0,2.445,0.066,1.256,0.463,0.33,4.362,0,0.132,0.132,0.463,1.785,0.33,0.066,2.445,0.066,0,0.463,0,12.161,10.311,1.785,7.204,4.428,0.595,5.155,0,0.198,0,0.397,0.661,3.04,1.256,1.652,0.397,3.305,0,0.595,0.859,6.742,1.124,0,0,0,0,0,0,0,0,0,0,0,0,0,0,0,0,0,0,0,0,0,0,0,0,0,0,0,0,0,0,0,0,0,0,0,0,0,0,0,0,0,0,0,0,0,0,0,0,0,0,0,0,0,0,,,,,,,,,,,,,,,,,,,,,,,,,,,,,,,,,-9.584,4.428,0.925,11.633,0.793,2018b,7MMZN3
12-09-12,201209,22220,SP (Socialistische Partij),SP,20,291,4,2015,0.85,0.682,9.654,0,,15,150,1,90,2018-2,1534,0.13,0,0,0,0.065,1.108,0.065,3.585,1.304,0,1.63,2.151,3.716,0,0,2.282,0.13,4.889,0.326,3.194,0,0.587,6.258,0,0.847,0.13,0.196,2.608,0.522,0.391,2.477,0.978,2.216,0.717,0,4.694,7.953,3.259,6.519,8.67,0,5.737,0,0.13,0,0,0.196,6.714,0.913,0.913,0.196,3.129,0,0.456,0.522,5.867,1.63,0,0,0,0,0,0,0,0,0,0,0,0,0,0,0,0,0,0,0,0,0,0,0,0,0,0,0,0,0,0,0,0,0,0,0,0,0,0,0,0,0,0,0,0,0,0,0,0,0,0,0,0,0,0,,,,,,,,,,,,,,,,,,,,,,,,,,,,,,,,,-20.926,7.236,0.717,15.189,1.173,2018b,XC8M3U
12-09-12,201209,22320,Partij van de Arbeid (P.v.d.A),PvdA,30,291,4,2015,0.85,0.682,24.838,0,,38,150,1,90,2018-2,2760,0.072,0,0,0,0.797,0.399,0.036,3.514,2.355,0,0.254,3.007,2.536,0.036,0,2.101,0.145,3.949,0.145,5.688,1.957,1.087,3.804,0.072,0,0.109,0.072,2.174,1.014,1.268,3.043,0.725,1.196,1.159,0,4.964,2.935,2.029,8.188,5.145,0.652,6.848,0,1.413,0,0.29,0.507,5.036,3.225,0.833,0.87,6.594,0,0.145,0.906,4.71,1.993,0,0,0,0,0,0,0,0,0,0,0,0,0,0,0,0,0,0,0,0,0,0,0,0,0,0,0,0,0,0,0,0,0,0,0,0,0,0,0,0,0,0,0,0,0,0,0,0,0,0,0,0,0,0,,,,,,,,,,,,,,,,,,,,,,,,,,,,,,,,,-6.558,4.601,3.116,13.333,0.435,2018b,3ZVLL2
12-09-12,201209,22330,Democraten 66 (D66),Dâ€™66,40,291,4,2015,0.85,0.682,8.033,0,,12,150,1,90,2018-2,1929,0.259,0.052,0,0,0.415,0.518,0.052,3.318,6.584,0,0.104,7.672,2.436,0.104,0,0.778,1.14,4.666,0.156,3.37,3.525,1.14,3.266,0,0,0,0.259,3.11,0,2.074,3.888,0,0,2.488,0,7.154,3.784,2.696,2.229,5.806,1.97,9.953,0.311,0.207,0,0,0.518,2.903,2.022,0.363,0.881,1.503,0,0.363,1.296,3.11,1.555,0,0,0,0,0,0,0,0,0,0,0,0,0,0,0,0,0,0,0,0,0,0,0,0,0,0,0,0,0,0,0,0,0,0,0,0,0,0,0,0,0,0,0,0,0,0,0,0,0,0,0,0,0,0,,,,,,,,,,,,,,,,,,,,,,,,,,,,,,,,,-0.778,3.266,6.013,8.035,0.57,2018b,LHACVX
12-09-12,201209,22420,VVD,VVD,40,291,4,2015,0.85,0.682,26.58,0,,41,150,1,90,2018-2,1719,0.349,0,0,0,1.047,0,0,1.571,2.734,0.814,1.978,4.538,0.698,0.058,0,1.396,0.698,9.889,0.175,5.585,7.737,1.396,2.269,0,0.058,0,0.175,4.421,0,0.814,5.294,0,0,2.152,0,0.989,0.931,1.163,2.443,2.734,4.247,5.41,0,0.465,0,0.465,0.407,10.588,1.396,0.291,2.327,4.538,0,0.407,0.989,2.967,1.396,0,0,0,0,0,0,0,0,0,0,0,0,0,0,0,0,0,0,0,0,0,0,0,0,0,0,0,0,0,0,0,0,0,0,0,0,0,0,0,0,0,0,0,0,0,0,0,0,0,0,0,0,0,0,,,,,,,,,,,,,,,,,,,,,,,,,,,,,,,,,22.629,2.269,9.889,5.177,0,2018b,1FMZBP
12-09-12,201209,22521,CDA,CDA,50,291,4,2015,0.85,0.682,8.506,0,,13,150,1,90,2018-2,1192,0.252,0,0,0,0.671,0,0,2.097,3.691,0,1.091,4.614,1.342,0,0,4.279,0.084,4.95,0.168,2.685,2.936,1.342,1.594,0,0.839,0,0.168,3.272,0,0.755,3.691,0,0.168,2.181,0,5.034,1.594,0.923,3.356,6.628,2.517,5.956,0,1.258,0,4.362,0,5.369,9.48,1.93,1.091,2.097,0,1.091,0.671,3.272,0.503,0,0,0,0,0,0,0,0,0,0,0,0,0,0,0,0,0,0,0,0,0,0,0,0,0,0,0,0,0,0,0,0,0,0,0,0,0,0,0,0,0,0,0,0,0,0,0,0,0,0,0,0,0,0,,,,,,,,,,,,,,,,,,,,,,,,,,,,,,,,,17.701,1.594,5.117,9.983,0,2018b,R6TIMU
12-09-12,201209,22526,ChristenUnie,CU,50,291,4,2015,0.85,0.682,3.126,0,,5,150,1,90,2018-2,2705,0.074,0.628,0,0.111,0.481,0.148,0,2.994,1.146,0,2.847,4.251,0.961,0.296,0,2.588,0.148,3.475,0,3.734,3.068,1.516,5.915,0,0.074,0.037,0.037,3.734,0,0.407,4.177,0,0.185,1.664,0,8.207,5.619,1.072,2.255,3.623,1.257,4.658,0,0.407,0.222,4.695,0,5.102,4.436,2.994,1.405,2.107,0,1.701,0.591,4.104,0.85,0,0,0,0,0,0,0,0,0,0,0,0,0,0,0,0,0,0,0,0,0,0,0,0,0,0,0,0,0,0,0,0,0,0,0,0,0,0,0,0,0,0,0,0,0,0,0,0,0,0,0,0,0,0,,,,,,,,,,,,,,,,,,,,,,,,,,,,,,,,,10.203,5.915,4.732,5.878,0.148,2018b,IQPLK5
12-09-12,201209,22722,PVV (Partij voor de Vrijheid),PVV,70,291,4,2015,0.85,0.682,10.083,0,,15,150,1,90,2018-2,927,0.431,0.108,0,0,0.647,0.647,0,2.697,0.216,1.618,19.633,1.942,2.05,0,0,1.51,0.108,4.746,1.618,9.061,2.157,0.216,1.618,0,0,0,0.324,3.56,1.51,0.216,1.079,0.108,0.324,0.755,0,0,2.05,0.108,0.863,3.991,0.216,1.942,0,4.315,0,0.324,0,10.68,0,0.216,11.219,1.618,0,0,0.539,0.431,2.589,0,0,0,0,0,0,0,0,0,0,0,0,0,0,0,0,0,0,0,0,0,0,0,0,0,0,0,0,0,0,0,0,0,0,0,0,0,0,0,0,0,0,0,0,0,0,0,0,0,0,0,0,0,0,,,,,,,,,,,,,,,,,,,,,,,,,,,,,,,,,15.642,1.726,2.913,4.854,0.647,2018b,EZOMHG
12-09-12,201209,22951,Partij voor de Dieren,PvdD,95,291,4,2015,0.85,0.682,1.933,0,,2,150,1,90,2018-2,1191,0,0,0,0,0,1.175,0,2.855,0.252,0,0.84,4.282,3.275,0.084,0,0.588,0.252,0.42,0.336,1.427,0,0.168,2.771,0.336,0,0.084,0.084,0.924,0,0,0.924,0.084,0.42,0,0,19.647,41.982,1.092,2.015,4.03,0.084,0.84,0,0.084,0.252,0,0.336,2.687,1.008,0.084,0.504,0.504,0,0.924,0.084,1.763,0.504,0,0,0,0,0,0,0,0,0,0,0,0,0,0,0,0,0,0,0,0,0,0,0,0,0,0,0,0,0,0,0,0,0,0,0,0,0,0,0,0,0,0,0,0,0,0,0,0,0,0,0,0,0,0,,,,,,,,,,,,,,,,,,,,,,,,,,,,,,,,,-6.465,3.191,0,6.045,1.175,2018b,HNG1ZS
12-09-12,201209,22952,Staatskundig Gereformeerde Partij (SGP),SGP,95,291,4,2015,0.85,0.682,2.088,0,,3,150,1,90,2018-2,1812,0.055,0.497,0,0,1.711,0,0.055,4.581,0.938,0.11,2.097,0.993,0.331,0.055,0,3.808,0,3.477,0,1.932,2.815,0.442,1.38,0,0,0.055,0.055,2.704,0,0.221,4.194,0,0,1.38,0,2.152,2.649,0.331,1.932,2.815,0.828,5.519,0,0.442,0,22.737,0,7.285,2.042,3.422,2.594,1.38,0,4.415,0.386,4.857,0.331,0,0,0,0,0,0,0,0,0,0,0,0,0,0,0,0,0,0,0,0,0,0,0,0,0,0,0,0,0,0,0,0,0,0,0,0,0,0,0,0,0,0,0,0,0,0,0,0,0,0,0,0,0,0,,,,,,,,,,,,,,,,,,,,,,,,,,,,,,,,,26.6,1.38,4.194,4.746,0.055,2018b,476I1A
12-09-12,201209,22953,50PLUS,50PLUS,95,291,4,2015,0.85,0.682,1.885,0,,2,150,1,90,2018-2,206,0,0,0,0,0,0.485,0,2.427,0.971,0,0.971,0.485,5.34,0,0,0.485,0.485,10.194,0.971,8.738,0.485,0,1.942,0,0,0,0,3.398,0,0,2.913,0,0.971,3.883,0,0.971,2.913,1.456,3.883,11.165,0,1.942,0,0,0,0,0.485,6.311,0.971,0,1.456,2.913,0,0,0,0.971,19.417,0,0,0,0,0,0,0,0,0,0,0,0,0,0,0,0,0,0,0,0,0,0,0,0,0,0,0,0,0,0,0,0,0,0,0,0,0,0,0,0,0,0,0,0,0,0,0,0,0,0,0,0,0,0,,,,,,,,,,,,,,,,,,,,,,,,,,,,,,,,,-6.311,1.942,4.369,15.049,0.485,2018b,OTNE4N
15-03-17,201703,22110,GL,GL,10,331,5,2017,0.76,0.636,9.125,0,,14,150,1,130,2018-2,1134,0.97,0,0,0.176,0.176,1.146,0.617,1.323,3.88,0,0,9.965,3.792,0.441,0,1.499,0.265,1.058,0.353,1.852,0.353,0.176,1.852,0,1.235,0.441,0,0.176,0.529,0,4.233,2.734,1.058,0.176,0.265,9.347,7.584,2.822,9.877,6.261,0,8.818,0,2.557,2.028,0.97,2.734,2.381,0.617,0.882,0,0.794,0,1.587,0,0,0,0,0,0,0,0,0,0,0,0,0,0,0,0,0,0,0,0,0,0,0,0,0,0,0,0,0,0,0,0,0,0,0,0,0,0,0,0,0,0,0,0,0,0,0,0,0,0,0,0,0,0,0,0,0,0,0.176,0.441,9.524,2.91,0.529,0.265,0.617,1.764,0.088,0,0,0,0,2.557,6.79,2.557,0,1.675,0.353,2.381,0,0.529,0.088,0.441,0.441,0,0,0,0,1.587,0.441,-9.347,4.586,0.529,16.138,1.764,2018b,XXBUNJ
15-03-17,201703,22220,SP (Socialistische Partij),SP,20,331,5,2017,0.76,0.636,9.087,0,,14,150,1,130,2018-2,855,1.053,0.468,0,0.117,0.234,0.117,3.743,3.392,0.234,0.117,4.327,2.339,3.041,0.936,0,2.573,0.234,2.573,0.351,0.819,0.234,0.585,4.444,0.234,0.819,0.468,0,0.351,0,0,1.52,4.678,2.69,0,1.404,8.304,7.251,4.094,6.082,7.953,0,5.38,0,0.117,1.754,1.404,0.117,7.602,0.234,0.468,0.819,1.287,0,1.871,1.17,0,0,0,0,0,0,0,0,0,0,0,0,0,0,0,0,0,0,0,0,0,0,0,0,0,0,0,0,0,0,0,0,0,0,0,0,0,0,0,0,0,0,0,0,0,0,0,0,0,0,0,0,0,0,0,0,0.117,0,0.702,1.637,2.105,0,0.234,0.702,0.702,0,0.117,0,0,0,0,8.304,0.117,0,1.754,0,7.602,0.234,0.234,0,0,0.468,0,0,0.819,0,1.871,0,-23.041,9.357,0.234,14.035,3.86,2018b,Q5NPHQ
15-03-17,201703,22320,Partij van de Arbeid (P.v.d.A),PvdA,30,331,5,2017,0.76,0.636,5.703,0,,9,150,1,130,2018-2,2190,0.457,0,0,0.228,2.283,0,0.137,3.973,2.055,0.457,0.274,3.196,2.42,0.502,0,2.648,0.091,2.511,0,1.507,0.32,0.502,2.74,0.594,1.142,0.685,0,0.091,0.091,0.046,2.237,6.256,1.644,0.32,0.639,4.429,7.808,4.292,7.945,8.676,0.046,5.936,0,5.434,0.776,1.37,1.324,2.374,2.055,3.927,0.685,0.457,0,2.055,0.365,0,0,0,0,0,0,0,0,0,0,0,0,0,0,0,0,0,0,0,0,0,0,0,0,0,0,0,0,0,0,0,0,0,0,0,0,0,0,0,0,0,0,0,0,0,0,0,0,0,0,0,0,0,0,0,0,0,0.228,0.913,2.283,0.822,0,0.046,1.553,1.507,0,0,0,0,0,0.457,3.973,5.434,0,0.411,0.365,2.374,0.137,1.826,0.228,0.365,3.562,0,0.502,0.183,0,2.055,0.137,-13.836,9.589,0.639,16.621,0.137,2018b,X9HXZ5
15-03-17,201703,22321,DENK,DENK,30,331,5,2017,0.76,0.636,2.055,0,,3,150,1,130,2018-2,874,0.801,8.124,0,0,0,0.229,1.945,3.432,0.458,0,0.686,2.517,5.378,0.686,0,0.114,0,0.458,0,0,0.801,5.606,2.174,0,0,0.572,0,0,0,0,2.174,1.602,0.572,0,0,8.124,1.487,0,9.382,16.59,0,9.611,0,0.686,1.831,0,0.114,6.293,1.03,5.721,0,0.343,0,0,0,0.458,0,0,0,0,0,0,0,0,0,0,0,0,0,0,0,0,0,0,0,0,0,0,0,0,0,0,0,0,0,0,0,0,0,0,0,0,0,0,0,0,0,0,0,0,0,0,0,0,0,0,0,0,0,0,0,0,0,0.458,2.059,4.119,0,0,1.259,0,0,0,0,0,0,0.343,7.78,0.572,0.114,1.03,0.801,6.293,0.801,1.03,0,0.915,4.805,0,0,0,0,0,0,-24.828,3.776,0.801,25.973,2.174,2018b,HKW5ZY
15-03-17,201703,22330,Democraten 66 (D66),Dâ€™66,40,331,5,2017,0.76,0.636,12.227,0,,19,150,1,130,2018-2,3808,0,0.184,0,0,1.996,0.578,0.105,3.729,6.303,0,0,6.145,3.755,1.786,0.026,2.994,0.053,3.072,0,0.709,2.679,1.234,2.39,0.026,1.287,0.236,0,0.578,0.289,0.394,6.197,1.996,0.026,1.628,0,9.296,5.41,2.941,6.276,5.83,0.105,7.458,0,0.604,0.499,0.945,4.596,1.838,0.446,1.707,0,0.525,0,0.893,0.131,0,0.105,0,0,0,0,0,0,0,0,0,0,0,0,0,0,0,0,0,0,0,0,0,0,0,0,0,0,0,0,0,0,0,0,0,0,0,0,0,0,0,0,0,0,0,0,0,0,0,0,0,0,0,0,0,0,0,0,1.077,5.068,2.6,0,0,1.155,0.709,0,0,0,0,0,0,9.296,0.525,0.079,0.184,0.315,1.838,0,0.394,0.053,0.105,1.602,0,0,0,0,0.893,0,-6.539,4.412,4.307,12.106,0.683,2018b,3IEWGU
15-03-17,201703,22420,VVD,VVD,40,331,5,2017,0.76,0.636,21.285,0,,33,150,1,130,2018-2,2812,0.498,0.498,0,0.036,6.01,0,0,3.805,2.56,0.213,1.778,1.991,0.284,0.889,0,1.814,0,2.525,0.071,0.391,3.556,2.809,2.347,0.391,1.245,1.174,0.071,0.32,0,0.818,8.642,1.316,0,1.849,0,3.627,4.516,2.952,2.169,6.223,1.138,6.863,0,8.179,0.427,0.284,1.743,5.654,1.351,0,2.632,0.782,0,3.094,0.427,0,0.036,0,0,0,0,0,0,0,0,0,0,0,0,0,0,0,0,0,0,0,0,0,0,0,0,0,0,0,0,0,0,0,0,0,0,0,0,0,0,0,0,0,0,0,0,0,0,0,0,0,0,0,0,0,0,0,0.036,0.747,1.245,0.284,0.32,0,0,0.178,0,0.213,0,0,0,0,3.627,5.37,2.809,0.391,0.036,5.654,0,1.209,0.142,0,0,0,0,2.632,0,3.094,0,10.953,4.054,5.405,8.393,0,2018b,QTEO1U
15-03-17,201703,22521,CDA,CDA,50,331,5,2017,0.76,0.636,12.379,0,,19,150,1,130,2018-2,1415,0.071,0.919,0,0,2.261,0,0.353,1.908,2.049,0.071,0.848,0.212,2.403,0.848,0,3.18,0.071,1.201,0.212,0.777,1.272,0.636,6.502,0,1.201,0.212,0,0.707,0.565,0,5.3,4.24,0.424,1.343,0,4.099,0.707,2.473,2.191,10.177,0,5.371,0,1.131,0.919,8.622,0,8.551,9.965,0,2.191,0.424,0,2.544,0.848,0,0,0,0,0,0,0,0,0,0,0,0,0,0,0,0,0,0,0,0,0,0,0,0,0,0,0,0,0,0,0,0,0,0,0,0,0,0,0,0,0,0,0,0,0,0,0,0,0,0,0,0,0,0,0,0,0,0,0.212,0,1.343,0,0.495,0.565,0.777,0,0,0,0,0,0.212,3.887,0.777,0.353,0.919,0,8.551,0.071,9.399,0.565,0,0,0,0,2.191,0,2.544,0,3.604,10.742,2.615,12.367,0.353,2018b,18WMEG
15-03-17,201703,22526,ChristenUnie,CU,50,331,5,2017,0.76,0.636,3.388,0,,5,150,1,130,2018-2,2630,0.304,0.228,0,0,2.51,0.152,0.608,2.471,1.445,0.038,2.167,4.297,0.913,0.951,0,2.928,0.19,1.825,0,0.266,0.418,2.015,4.981,0.304,1.749,0.837,0,0,0,0.076,4.715,1.179,0.494,1.521,0.114,8.137,5.095,2.548,3.992,7.681,0,3.84,0,2.243,0.76,8.023,0.152,3.916,4.183,2.053,0.532,1.407,0,5.057,0.684,0,0,0,0,0,0,0,0,0,0,0,0,0,0,0,0,0,0,0,0,0,0,0,0,0,0,0,0,0,0,0,0,0,0,0,0,0,0,0,0,0,0,0,0,0,0,0,0,0,0,0,0,0,0,0,0,0,0,1.711,2.586,0.684,0,0.114,0.114,0.19,0,0.076,0,0,0,0.418,7.719,1.407,0.837,0.608,0.152,3.916,0.228,3.726,0.456,0,2.053,0,0,0.532,0,5.057,0,5.475,6.464,1.939,11.673,0.76,2018b,2ZGYWN
15-03-17,201703,22722,PVV (Partij voor de Vrijheid),PVV,70,331,5,2017,0.76,0.636,13.056,0,,20,150,1,130,2018-2,25,0,0,0,0,4,0,0,0,0,0,8,0,8,0,4,0,0,0,0,0,4,0,4,0,0,0,0,0,0,0,0,4,0,4,0,0,0,0,0,12,0,0,0,28,0,0,0,8,0,0,12,0,0,0,0,0,0,0,0,0,0,0,0,0,0,0,0,0,0,0,0,0,0,0,0,0,0,0,0,0,0,0,0,0,0,0,0,0,0,0,0,0,0,0,0,0,0,0,0,0,0,0,0,0,0,0,0,0,0,0,0,0,0,0,0,0,0,0,8,0,0,0,0,0,0,0,0,0,28,0,0,8,0,0,0,0,0,0,0,12,0,0,0,20,8,8,12,0,2018b,YMCDES
15-03-17,201703,22730,Forum voor Democratie,FvD,70,331,5,2017,0.76,0.636,1.78,0,,2,150,1,130,2018-2,510,0,0,0,0,3.725,0,0.98,1.765,0,0.392,4.51,0.392,10.588,0.588,0,0,0,7.255,14.118,6.667,8.627,1.569,0,0,0.392,0,0,0.196,0,0,1.765,0,2.745,0,0,2.745,1.176,0.588,0,0.98,1.961,7.255,0,9.216,0.196,0.784,0,4.902,2.549,0,0,0.196,0,0.392,0.784,0,0,0,0,0,0,0,0,0,0,0,0,0,0,0,0,0,0,0,0,0,0,0,0,0,0,0,0,0,0,0,0,0,0,0,0,0,0,0,0,0,0,0,0,0,0,0,0,0,0,0,0,0,0,0,0,0,0,0.392,0,0.196,0,0.588,9.804,4.314,0,2.353,0,0,0,0,2.745,2.941,6.275,0.196,0,4.902,0,2.549,0,0,0,0,0,0,0,0.392,0,16.471,0,8.627,0.98,0.98,2018b,2RO6AJ
15-03-17,201703,22951,Partij voor de Dieren,PvdD,95,331,5,2017,0.76,0.636,3.188,0,,5,150,1,130,2018-2,1427,4.415,0,0,0.28,0,1.542,0.701,3.784,0.28,0.14,1.612,5.116,1.752,0.841,0,0.14,0.07,2.313,0,1.121,0.21,0.701,5.957,0,0.21,3.083,0.07,0,0,0,1.472,2.242,0.771,0.07,0,17.659,24.527,2.242,2.313,5.466,0,3.574,0,0.21,0.14,0.841,0.981,1.542,0.14,0.28,0.42,0.561,0,0.14,0.07,0,0,0,0,0,0,0,0,0,0,0,0,0,0,0,0,0,0,0,0,0,0,0,0,0,0,0,0,0,0,0,0,0,0,0,0,0,0,0,0,0,0,0,0,0,0,0,0,0,0,0,0,0,0,0,0,0,0.28,1.261,3.854,1.752,0,0,0,1.121,0,0,0,0,0,5.676,11.983,0.21,0,0.14,0,1.542,0,0.14,0,0,0.28,0,0,0.42,0,0.14,4.415,-18.851,8.199,0.28,7.779,2.242,2018b,OZRKU7
15-03-17,201703,22952,Staatskundig Gereformeerde Partij (SGP),SGP,95,331,5,2017,0.76,0.636,2.082,0,,3,150,1,130,2018-2,2380,0.126,0.378,0.168,0,5.63,0,0,3.739,0.042,0.084,4.538,1.891,0.504,0.756,0,2.521,0.42,1.555,0,0.336,0.924,1.345,0.588,0.084,0.294,0.588,0,0.63,0,0.126,4.202,2.773,0.126,1.471,0,4.958,5.504,1.513,0.714,5.63,3.445,5.378,0,1.765,0.168,18.655,0,7.353,0.798,0,2.143,0.252,0,5.672,0.21,0,0,0,0,0,0,0,0,0,0,0,0,0,0,0,0,0,0,0,0,0,0,0,0,0,0,0,0,0,0,0,0,0,0,0,0,0,0,0,0,0,0,0,0,0,0,0,0,0,0,0,0,0,0,0,0,0,0,0.966,0.924,0.294,0.126,0.21,0,0.336,0,0,0,0,0,0,4.958,0.84,0.924,0,0.168,7.353,0,0.798,0,0,0,0,0,2.143,0,5.672,0,24.706,3.445,2.395,6.345,0.168,2018b,ATP925
15-03-17,201703,22953,50PLUS,50PLUS,95,331,5,2017,0.76,0.636,3.111,0,,4,150,1,130,2018-2,495,1.01,0,0,0,1.01,0,0,1.616,0,0.404,2.626,0,3.636,0,0,1.414,0,2.222,0.808,2.424,0.202,1.01,2.222,0.606,0.202,0,0,0,0,0,3.232,3.636,0.808,0.404,0,2.02,4.444,4.04,7.475,31.313,0.202,3.838,0,2.828,1.414,0,1.616,7.071,1.414,0,0,0,0,1.818,1.01,0,0,0,0,0,0,0,0,0,0,0,0,0,0,0,0,0,0,0,0,0,0,0,0,0,0,0,0,0,0,0,0,0,0,0,0,0,0,0,0,0,0,0,0,0,0,0,0,0,0,0,0,0,0,0,0,0,0,0,0,2.424,0.606,0,1.212,2.424,0,0,0,0,0,0,2.02,0.404,2.424,1.414,0,7.071,0,1.414,0,0,0,0,0,0,0,1.818,0,-31.111,6.465,0.606,38.788,0,2018b,8H7Q1E
